"runtime","connections","observations","mean_requests_per_second","median_requests_per_second","standard_deviation","coefficient_of_variation_percent","minimum_requests_per_second","maximum_requests_per_second","range_requests_per_second"
"Node.js",10,3,14074.17,14832.8,1599.14,11.36,12236.9,15152.8,2915.9
"Node.js",50,3,14415.27,14399.7,253.31,1.76,14170.1,14676,505.9
"Node.js",100,3,14157.47,14199.2,165.79,1.17,13974.8,14298.4,323.6
"Bun",10,3,14371.87,15559.2,2440.22,16.98,11565.2,15991.2,4426
"Bun",50,3,15072.07,16026.4,1795.97,11.92,13000.4,16189.4,3189
"Bun",100,3,15994.13,16001.2,404.05,2.53,15586.6,16394.6,808
"Deno",10,3,16610.87,17616,1923.71,11.58,14392.8,17823.8,3431
"Deno",50,3,16494.73,17821.6,2801.78,16.99,13276,18386.6,5110.6
"Deno",100,3,15133.9,16202.2,3005.97,19.86,11739.7,17459.8,5720.1
