"run_id","session_id","sequence","repetition","runtime","workload","shuffle_seed","started_at","ready_at","finished_at","status","allocation_bytes","sample_interval_ms","post_ready_window_ms","pre_ready_samples","post_ready_samples","rss_at_ready_bytes","rss_at_ready_mib","median_post_ready_rss_bytes","median_post_ready_rss_mib","mean_post_ready_rss_bytes","mean_post_ready_rss_mib","peak_post_ready_rss_bytes","peak_post_ready_rss_mib","peak_observed_rss_bytes","peak_observed_rss_mib","ready_payload","sample_file","stdout_log","stderr_log","error_message"
"memory_s01_r01_bun_allocated",1,1,1,"bun","allocated",20260811,"2026-08-10T19:25:44.108925+00:00","2026-08-10T19:25:44.893931+00:00","2026-08-10T19:25:46.976697+00:00","success",104857600,20,2000,32,83,163459072,155.88671875,163336192,155.76953125,163345124.240964,155.778049698795,163459072,155.88671875,163459072,155.88671875,"{""event"":""READY"",""mode"":""allocated"",""allocation_bytes"":104857600,""checksum"":2}","data/raw/memory/session_01/samples/memory_s01_r01_bun_allocated_samples.csv","results/logs/memory_final/session_01/memory_s01_r01_bun_allocated-stdout.log","results/logs/memory_final/session_01/memory_s01_r01_bun_allocated-stderr.log",NA
"memory_s01_r01_node_allocated",1,2,1,"node","allocated",20260811,"2026-08-10T19:25:49.006448+00:00","2026-08-10T19:25:49.287380+00:00","2026-08-10T19:25:51.314051+00:00","success",104857600,20,2000,12,84,143962112,137.29296875,143962112,137.29296875,143962112,137.29296875,143962112,137.29296875,143962112,137.29296875,"{""event"":""READY"",""mode"":""allocated"",""allocation_bytes"":104857600,""checksum"":2}","data/raw/memory/session_01/samples/memory_s01_r01_node_allocated_samples.csv","results/logs/memory_final/session_01/memory_s01_r01_node_allocated-stdout.log","results/logs/memory_final/session_01/memory_s01_r01_node_allocated-stderr.log",NA
"memory_s01_r01_deno_idle",1,3,1,"deno","idle",20260811,"2026-08-10T19:25:53.409523+00:00","2026-08-10T19:25:53.661340+00:00","2026-08-10T19:25:55.683533+00:00","success",0,20,2000,11,84,44560384,42.49609375,44560384,42.49609375,44560384,42.49609375,44560384,42.49609375,44560384,42.49609375,"{""event"":""READY"",""mode"":""idle"",""allocation_bytes"":0,""checksum"":0}","data/raw/memory/session_01/samples/memory_s01_r01_deno_idle_samples.csv","results/logs/memory_final/session_01/memory_s01_r01_deno_idle-stdout.log","results/logs/memory_final/session_01/memory_s01_r01_deno_idle-stderr.log",NA
"memory_s01_r01_bun_idle",1,4,1,"bun","idle",20260811,"2026-08-10T19:25:57.770418+00:00","2026-08-10T19:25:58.191670+00:00","2026-08-10T19:26:00.209383+00:00","success",0,20,2000,11,84,58585088,55.87109375,58605568,55.890625,58607811.047619,55.8927641369048,58638336,55.921875,58638336,55.921875,"{""event"":""READY"",""mode"":""idle"",""allocation_bytes"":0,""checksum"":0}","data/raw/memory/session_01/samples/memory_s01_r01_bun_idle_samples.csv","results/logs/memory_final/session_01/memory_s01_r01_bun_idle-stdout.log","results/logs/memory_final/session_01/memory_s01_r01_bun_idle-stderr.log",NA
"memory_s01_r01_deno_allocated",1,5,1,"deno","allocated",20260811,"2026-08-10T19:26:02.251144+00:00","2026-08-10T19:26:02.458575+00:00","2026-08-10T19:26:04.482790+00:00","success",104857600,20,2000,9,86,149610496,142.6796875,149610496,142.6796875,149610496,142.6796875,149610496,142.6796875,149610496,142.6796875,"{""event"":""READY"",""mode"":""allocated"",""allocation_bytes"":104857600,""checksum"":2}","data/raw/memory/session_01/samples/memory_s01_r01_deno_allocated_samples.csv","results/logs/memory_final/session_01/memory_s01_r01_deno_allocated-stdout.log","results/logs/memory_final/session_01/memory_s01_r01_deno_allocated-stderr.log",NA
"memory_s01_r01_node_idle",1,6,1,"node","idle",20260811,"2026-08-10T19:26:06.512366+00:00","2026-08-10T19:26:06.674696+00:00","2026-08-10T19:26:08.685192+00:00","success",0,20,2000,7,86,38428672,36.6484375,38428672,36.6484375,38428672,36.6484375,38428672,36.6484375,38428672,36.6484375,"{""event"":""READY"",""mode"":""idle"",""allocation_bytes"":0,""checksum"":0}","data/raw/memory/session_01/samples/memory_s01_r01_node_idle_samples.csv","results/logs/memory_final/session_01/memory_s01_r01_node_idle-stdout.log","results/logs/memory_final/session_01/memory_s01_r01_node_idle-stderr.log",NA
"memory_s01_r02_deno_idle",1,7,2,"deno","idle",20260812,"2026-08-10T19:26:10.700376+00:00","2026-08-10T19:26:10.821149+00:00","2026-08-10T19:26:12.843834+00:00","success",0,20,2000,5,87,44531712,42.46875,44531712,42.46875,44531712,42.46875,44531712,42.46875,44531712,42.46875,"{""event"":""READY"",""mode"":""idle"",""allocation_bytes"":0,""checksum"":0}","data/raw/memory/session_01/samples/memory_s01_r02_deno_idle_samples.csv","results/logs/memory_final/session_01/memory_s01_r02_deno_idle-stdout.log","results/logs/memory_final/session_01/memory_s01_r02_deno_idle-stderr.log",NA
"memory_s01_r02_node_allocated",1,8,2,"node","allocated",20260812,"2026-08-10T19:26:14.856286+00:00","2026-08-10T19:26:15.096701+00:00","2026-08-10T19:26:17.123330+00:00","success",104857600,20,2000,10,87,143937536,137.26953125,143937536,137.26953125,143937536,137.26953125,143937536,137.26953125,143937536,137.26953125,"{""event"":""READY"",""mode"":""allocated"",""allocation_bytes"":104857600,""checksum"":2}","data/raw/memory/session_01/samples/memory_s01_r02_node_allocated_samples.csv","results/logs/memory_final/session_01/memory_s01_r02_node_allocated-stdout.log","results/logs/memory_final/session_01/memory_s01_r02_node_allocated-stderr.log",NA
"memory_s01_r02_bun_allocated",1,9,2,"bun","allocated",20260812,"2026-08-10T19:26:19.138824+00:00","2026-08-10T19:26:19.307439+00:00","2026-08-10T19:26:21.331098+00:00","success",104857600,20,2000,7,86,163553280,155.9765625,163586048,156.0078125,163586286.139535,156.008039607558,163606528,156.02734375,163606528,156.02734375,"{""event"":""READY"",""mode"":""allocated"",""allocation_bytes"":104857600,""checksum"":2}","data/raw/memory/session_01/samples/memory_s01_r02_bun_allocated_samples.csv","results/logs/memory_final/session_01/memory_s01_r02_bun_allocated-stdout.log","results/logs/memory_final/session_01/memory_s01_r02_bun_allocated-stderr.log",NA
"memory_s01_r02_bun_idle",1,10,2,"bun","idle",20260812,"2026-08-10T19:26:23.347511+00:00","2026-08-10T19:26:23.505052+00:00","2026-08-10T19:26:25.528207+00:00","success",0,20,2000,7,86,58605568,55.890625,58626048,55.91015625,58627810.2325581,55.9118368459302,58658816,55.94140625,58658816,55.94140625,"{""event"":""READY"",""mode"":""idle"",""allocation_bytes"":0,""checksum"":0}","data/raw/memory/session_01/samples/memory_s01_r02_bun_idle_samples.csv","results/logs/memory_final/session_01/memory_s01_r02_bun_idle-stdout.log","results/logs/memory_final/session_01/memory_s01_r02_bun_idle-stderr.log",NA
"memory_s01_r02_deno_allocated",1,11,2,"deno","allocated",20260812,"2026-08-10T19:26:27.545326+00:00","2026-08-10T19:26:27.750677+00:00","2026-08-10T19:26:29.780828+00:00","success",104857600,20,2000,9,87,149999616,143.05078125,149999616,143.05078125,149999616,143.05078125,149999616,143.05078125,149999616,143.05078125,"{""event"":""READY"",""mode"":""allocated"",""allocation_bytes"":104857600,""checksum"":2}","data/raw/memory/session_01/samples/memory_s01_r02_deno_allocated_samples.csv","results/logs/memory_final/session_01/memory_s01_r02_deno_allocated-stdout.log","results/logs/memory_final/session_01/memory_s01_r02_deno_allocated-stderr.log",NA
"memory_s01_r02_node_idle",1,12,2,"node","idle",20260812,"2026-08-10T19:26:31.794732+00:00","2026-08-10T19:26:31.934681+00:00","2026-08-10T19:26:33.949862+00:00","success",0,20,2000,6,86,38543360,36.7578125,38543360,36.7578125,38543360,36.7578125,38543360,36.7578125,38543360,36.7578125,"{""event"":""READY"",""mode"":""idle"",""allocation_bytes"":0,""checksum"":0}","data/raw/memory/session_01/samples/memory_s01_r02_node_idle_samples.csv","results/logs/memory_final/session_01/memory_s01_r02_node_idle-stdout.log","results/logs/memory_final/session_01/memory_s01_r02_node_idle-stderr.log",NA
"memory_s01_r03_deno_allocated",1,13,3,"deno","allocated",20260813,"2026-08-10T19:26:35.970649+00:00","2026-08-10T19:26:36.196921+00:00","2026-08-10T19:26:38.226047+00:00","success",104857600,20,2000,9,86,149901312,142.95703125,149901312,142.95703125,149901312,142.95703125,149901312,142.95703125,149901312,142.95703125,"{""event"":""READY"",""mode"":""allocated"",""allocation_bytes"":104857600,""checksum"":2}","data/raw/memory/session_01/samples/memory_s01_r03_deno_allocated_samples.csv","results/logs/memory_final/session_01/memory_s01_r03_deno_allocated-stdout.log","results/logs/memory_final/session_01/memory_s01_r03_deno_allocated-stderr.log",NA
"memory_s01_r03_deno_idle",1,14,3,"deno","idle",20260813,"2026-08-10T19:26:40.242018+00:00","2026-08-10T19:26:40.388193+00:00","2026-08-10T19:26:42.402270+00:00","success",0,20,2000,6,85,44371968,42.31640625,44371968,42.31640625,44371968,42.31640625,44371968,42.31640625,44371968,42.31640625,"{""event"":""READY"",""mode"":""idle"",""allocation_bytes"":0,""checksum"":0}","data/raw/memory/session_01/samples/memory_s01_r03_deno_idle_samples.csv","results/logs/memory_final/session_01/memory_s01_r03_deno_idle-stdout.log","results/logs/memory_final/session_01/memory_s01_r03_deno_idle-stderr.log",NA
"memory_s01_r03_node_idle",1,15,3,"node","idle",20260813,"2026-08-10T19:26:44.415196+00:00","2026-08-10T19:26:44.559954+00:00","2026-08-10T19:26:46.571207+00:00","success",0,20,2000,6,86,38461440,36.6796875,38461440,36.6796875,38461440,36.6796875,38461440,36.6796875,38461440,36.6796875,"{""event"":""READY"",""mode"":""idle"",""allocation_bytes"":0,""checksum"":0}","data/raw/memory/session_01/samples/memory_s01_r03_node_idle_samples.csv","results/logs/memory_final/session_01/memory_s01_r03_node_idle-stdout.log","results/logs/memory_final/session_01/memory_s01_r03_node_idle-stderr.log",NA
"memory_s01_r03_bun_allocated",1,16,3,"bun","allocated",20260813,"2026-08-10T19:26:48.586245+00:00","2026-08-10T19:26:48.746082+00:00","2026-08-10T19:26:50.772295+00:00","success",104857600,20,2000,7,86,163532800,155.95703125,163561472,155.984375,163560900.465116,155.98382994186,163581952,156.00390625,163581952,156.00390625,"{""event"":""READY"",""mode"":""allocated"",""allocation_bytes"":104857600,""checksum"":2}","data/raw/memory/session_01/samples/memory_s01_r03_bun_allocated_samples.csv","results/logs/memory_final/session_01/memory_s01_r03_bun_allocated-stdout.log","results/logs/memory_final/session_01/memory_s01_r03_bun_allocated-stderr.log",NA
"memory_s01_r03_bun_idle",1,17,3,"bun","idle",20260813,"2026-08-10T19:26:52.789147+00:00","2026-08-10T19:26:52.941330+00:00","2026-08-10T19:26:54.957662+00:00","success",0,20,2000,6,84,58642432,55.92578125,58654720,55.9375,58654281.1428571,55.9370814732143,58687488,55.96875,58687488,55.96875,"{""event"":""READY"",""mode"":""idle"",""allocation_bytes"":0,""checksum"":0}","data/raw/memory/session_01/samples/memory_s01_r03_bun_idle_samples.csv","results/logs/memory_final/session_01/memory_s01_r03_bun_idle-stdout.log","results/logs/memory_final/session_01/memory_s01_r03_bun_idle-stderr.log",NA
"memory_s01_r03_node_allocated",1,18,3,"node","allocated",20260813,"2026-08-10T19:26:56.971301+00:00","2026-08-10T19:26:57.235868+00:00","2026-08-10T19:26:59.260532+00:00","success",104857600,20,2000,10,86,143953920,137.28515625,143953920,137.28515625,143953920,137.28515625,143953920,137.28515625,143953920,137.28515625,"{""event"":""READY"",""mode"":""allocated"",""allocation_bytes"":104857600,""checksum"":2}","data/raw/memory/session_01/samples/memory_s01_r03_node_allocated_samples.csv","results/logs/memory_final/session_01/memory_s01_r03_node_allocated-stdout.log","results/logs/memory_final/session_01/memory_s01_r03_node_allocated-stderr.log",NA
"memory_s01_r04_deno_idle",1,19,4,"deno","idle",20260814,"2026-08-10T19:27:01.279244+00:00","2026-08-10T19:27:01.423989+00:00","2026-08-10T19:27:03.436463+00:00","success",0,20,2000,6,86,44490752,42.4296875,44490752,42.4296875,44490752,42.4296875,44490752,42.4296875,44490752,42.4296875,"{""event"":""READY"",""mode"":""idle"",""allocation_bytes"":0,""checksum"":0}","data/raw/memory/session_01/samples/memory_s01_r04_deno_idle_samples.csv","results/logs/memory_final/session_01/memory_s01_r04_deno_idle-stdout.log","results/logs/memory_final/session_01/memory_s01_r04_deno_idle-stderr.log",NA
"memory_s01_r04_bun_allocated",1,20,4,"bun","allocated",20260814,"2026-08-10T19:27:05.450853+00:00","2026-08-10T19:27:05.620931+00:00","2026-08-10T19:27:07.648869+00:00","success",104857600,20,2000,7,85,163590144,156.01171875,163627008,156.046875,163626670.682353,156.046553308824,163643392,156.0625,163643392,156.0625,"{""event"":""READY"",""mode"":""allocated"",""allocation_bytes"":104857600,""checksum"":2}","data/raw/memory/session_01/samples/memory_s01_r04_bun_allocated_samples.csv","results/logs/memory_final/session_01/memory_s01_r04_bun_allocated-stdout.log","results/logs/memory_final/session_01/memory_s01_r04_bun_allocated-stderr.log",NA
"memory_s01_r04_node_allocated",1,21,4,"node","allocated",20260814,"2026-08-10T19:27:09.663108+00:00","2026-08-10T19:27:09.880944+00:00","2026-08-10T19:27:11.917322+00:00","success",104857600,20,2000,9,85,143970304,137.30078125,143970304,137.30078125,143970304,137.30078125,143970304,137.30078125,143970304,137.30078125,"{""event"":""READY"",""mode"":""allocated"",""allocation_bytes"":104857600,""checksum"":2}","data/raw/memory/session_01/samples/memory_s01_r04_node_allocated_samples.csv","results/logs/memory_final/session_01/memory_s01_r04_node_allocated-stdout.log","results/logs/memory_final/session_01/memory_s01_r04_node_allocated-stderr.log",NA
"memory_s01_r04_node_idle",1,22,4,"node","idle",20260814,"2026-08-10T19:27:13.931839+00:00","2026-08-10T19:27:14.072418+00:00","2026-08-10T19:27:16.087467+00:00","success",0,20,2000,6,87,38477824,36.6953125,38477824,36.6953125,38477824,36.6953125,38477824,36.6953125,38477824,36.6953125,"{""event"":""READY"",""mode"":""idle"",""allocation_bytes"":0,""checksum"":0}","data/raw/memory/session_01/samples/memory_s01_r04_node_idle_samples.csv","results/logs/memory_final/session_01/memory_s01_r04_node_idle-stdout.log","results/logs/memory_final/session_01/memory_s01_r04_node_idle-stderr.log",NA
"memory_s01_r04_bun_idle",1,23,4,"bun","idle",20260814,"2026-08-10T19:27:18.103069+00:00","2026-08-10T19:27:18.246481+00:00","2026-08-10T19:27:20.262790+00:00","success",0,20,2000,6,86,58601472,55.88671875,58613760,55.8984375,58613855.255814,55.8985283430233,58646528,55.9296875,58646528,55.9296875,"{""event"":""READY"",""mode"":""idle"",""allocation_bytes"":0,""checksum"":0}","data/raw/memory/session_01/samples/memory_s01_r04_bun_idle_samples.csv","results/logs/memory_final/session_01/memory_s01_r04_bun_idle-stdout.log","results/logs/memory_final/session_01/memory_s01_r04_bun_idle-stderr.log",NA
"memory_s01_r04_deno_allocated",1,24,4,"deno","allocated",20260814,"2026-08-10T19:27:22.288656+00:00","2026-08-10T19:27:22.540916+00:00","2026-08-10T19:27:24.560963+00:00","success",104857600,20,2000,9,87,149692416,142.7578125,149692416,142.7578125,149692416,142.7578125,149692416,142.7578125,149692416,142.7578125,"{""event"":""READY"",""mode"":""allocated"",""allocation_bytes"":104857600,""checksum"":2}","data/raw/memory/session_01/samples/memory_s01_r04_deno_allocated_samples.csv","results/logs/memory_final/session_01/memory_s01_r04_deno_allocated-stdout.log","results/logs/memory_final/session_01/memory_s01_r04_deno_allocated-stderr.log",NA
"memory_s01_r05_bun_idle",1,25,5,"bun","idle",20260815,"2026-08-10T19:27:26.578265+00:00","2026-08-10T19:27:26.744913+00:00","2026-08-10T19:27:28.758710+00:00","success",0,20,2000,7,87,58601472,55.88671875,58626048,55.91015625,58627695.816092,55.9117277298851,58658816,55.94140625,58658816,55.94140625,"{""event"":""READY"",""mode"":""idle"",""allocation_bytes"":0,""checksum"":0}","data/raw/memory/session_01/samples/memory_s01_r05_bun_idle_samples.csv","results/logs/memory_final/session_01/memory_s01_r05_bun_idle-stdout.log","results/logs/memory_final/session_01/memory_s01_r05_bun_idle-stderr.log",NA
"memory_s01_r05_deno_idle",1,26,5,"deno","idle",20260815,"2026-08-10T19:27:30.774590+00:00","2026-08-10T19:27:30.894179+00:00","2026-08-10T19:27:32.904991+00:00","success",0,20,2000,5,86,44388352,42.33203125,44388352,42.33203125,44388352,42.33203125,44388352,42.33203125,44388352,42.33203125,"{""event"":""READY"",""mode"":""idle"",""allocation_bytes"":0,""checksum"":0}","data/raw/memory/session_01/samples/memory_s01_r05_deno_idle_samples.csv","results/logs/memory_final/session_01/memory_s01_r05_deno_idle-stdout.log","results/logs/memory_final/session_01/memory_s01_r05_deno_idle-stderr.log",NA
"memory_s01_r05_node_allocated",1,27,5,"node","allocated",20260815,"2026-08-10T19:27:34.918625+00:00","2026-08-10T19:27:35.137842+00:00","2026-08-10T19:27:37.163247+00:00","success",104857600,20,2000,9,86,143933440,137.265625,143933440,137.265625,143933440,137.265625,143933440,137.265625,143933440,137.265625,"{""event"":""READY"",""mode"":""allocated"",""allocation_bytes"":104857600,""checksum"":2}","data/raw/memory/session_01/samples/memory_s01_r05_node_allocated_samples.csv","results/logs/memory_final/session_01/memory_s01_r05_node_allocated-stdout.log","results/logs/memory_final/session_01/memory_s01_r05_node_allocated-stderr.log",NA
"memory_s01_r05_bun_allocated",1,28,5,"bun","allocated",20260815,"2026-08-10T19:27:39.179518+00:00","2026-08-10T19:27:39.424751+00:00","2026-08-10T19:27:41.458346+00:00","success",104857600,20,2000,11,87,163573760,155.99609375,163569664,155.9921875,163572441.747126,155.994836566092,163598336,156.01953125,163639296,156.05859375,"{""event"":""READY"",""mode"":""allocated"",""allocation_bytes"":104857600,""checksum"":2}","data/raw/memory/session_01/samples/memory_s01_r05_bun_allocated_samples.csv","results/logs/memory_final/session_01/memory_s01_r05_bun_allocated-stdout.log","results/logs/memory_final/session_01/memory_s01_r05_bun_allocated-stderr.log",NA
"memory_s01_r05_deno_allocated",1,29,5,"deno","allocated",20260815,"2026-08-10T19:27:43.476020+00:00","2026-08-10T19:27:43.656508+00:00","2026-08-10T19:27:45.680796+00:00","success",104857600,20,2000,8,86,149897216,142.953125,149897216,142.953125,149897216,142.953125,149897216,142.953125,149897216,142.953125,"{""event"":""READY"",""mode"":""allocated"",""allocation_bytes"":104857600,""checksum"":2}","data/raw/memory/session_01/samples/memory_s01_r05_deno_allocated_samples.csv","results/logs/memory_final/session_01/memory_s01_r05_deno_allocated-stdout.log","results/logs/memory_final/session_01/memory_s01_r05_deno_allocated-stderr.log",NA
"memory_s01_r05_node_idle",1,30,5,"node","idle",20260815,"2026-08-10T19:27:47.694964+00:00","2026-08-10T19:27:47.847638+00:00","2026-08-10T19:27:49.857323+00:00","success",0,20,2000,7,82,38461440,36.6796875,38461440,36.6796875,38461440,36.6796875,38461440,36.6796875,38461440,36.6796875,"{""event"":""READY"",""mode"":""idle"",""allocation_bytes"":0,""checksum"":0}","data/raw/memory/session_01/samples/memory_s01_r05_node_idle_samples.csv","results/logs/memory_final/session_01/memory_s01_r05_node_idle-stdout.log","results/logs/memory_final/session_01/memory_s01_r05_node_idle-stderr.log",NA
"memory_s01_r06_node_idle",1,31,6,"node","idle",20260816,"2026-08-10T19:27:51.903147+00:00","2026-08-10T19:27:52.048141+00:00","2026-08-10T19:27:54.060996+00:00","success",0,20,2000,6,87,38514688,36.73046875,38514688,36.73046875,38514688,36.73046875,38514688,36.73046875,38514688,36.73046875,"{""event"":""READY"",""mode"":""idle"",""allocation_bytes"":0,""checksum"":0}","data/raw/memory/session_01/samples/memory_s01_r06_node_idle_samples.csv","results/logs/memory_final/session_01/memory_s01_r06_node_idle-stdout.log","results/logs/memory_final/session_01/memory_s01_r06_node_idle-stderr.log",NA
"memory_s01_r06_deno_allocated",1,32,6,"deno","allocated",20260816,"2026-08-10T19:27:56.079718+00:00","2026-08-10T19:27:56.264389+00:00","2026-08-10T19:27:58.288780+00:00","success",104857600,20,2000,8,86,149876736,142.93359375,149876736,142.93359375,149876736,142.93359375,149876736,142.93359375,149876736,142.93359375,"{""event"":""READY"",""mode"":""allocated"",""allocation_bytes"":104857600,""checksum"":2}","data/raw/memory/session_01/samples/memory_s01_r06_deno_allocated_samples.csv","results/logs/memory_final/session_01/memory_s01_r06_deno_allocated-stdout.log","results/logs/memory_final/session_01/memory_s01_r06_deno_allocated-stderr.log",NA
"memory_s01_r06_node_allocated",1,33,6,"node","allocated",20260816,"2026-08-10T19:28:00.306752+00:00","2026-08-10T19:28:00.570543+00:00","2026-08-10T19:28:02.594968+00:00","success",104857600,20,2000,10,86,143945728,137.27734375,143945728,137.27734375,143945728,137.27734375,143945728,137.27734375,143945728,137.27734375,"{""event"":""READY"",""mode"":""allocated"",""allocation_bytes"":104857600,""checksum"":2}","data/raw/memory/session_01/samples/memory_s01_r06_node_allocated_samples.csv","results/logs/memory_final/session_01/memory_s01_r06_node_allocated-stdout.log","results/logs/memory_final/session_01/memory_s01_r06_node_allocated-stderr.log",NA
"memory_s01_r06_bun_idle",1,34,6,"bun","idle",20260816,"2026-08-10T19:28:04.613281+00:00","2026-08-10T19:28:04.751616+00:00","2026-08-10T19:28:06.765434+00:00","success",0,20,2000,6,87,58634240,55.91796875,58646528,55.9296875,58648646.6206897,55.9317079741379,58679296,55.9609375,58679296,55.9609375,"{""event"":""READY"",""mode"":""idle"",""allocation_bytes"":0,""checksum"":0}","data/raw/memory/session_01/samples/memory_s01_r06_bun_idle_samples.csv","results/logs/memory_final/session_01/memory_s01_r06_bun_idle-stdout.log","results/logs/memory_final/session_01/memory_s01_r06_bun_idle-stderr.log",NA
"memory_s01_r06_bun_allocated",1,35,6,"bun","allocated",20260816,"2026-08-10T19:28:08.782987+00:00","2026-08-10T19:28:08.943123+00:00","2026-08-10T19:28:10.968601+00:00","success",104857600,20,2000,7,86,163557376,155.98046875,163586048,156.0078125,163586571.906977,156.008312136628,163610624,156.03125,163610624,156.03125,"{""event"":""READY"",""mode"":""allocated"",""allocation_bytes"":104857600,""checksum"":2}","data/raw/memory/session_01/samples/memory_s01_r06_bun_allocated_samples.csv","results/logs/memory_final/session_01/memory_s01_r06_bun_allocated-stdout.log","results/logs/memory_final/session_01/memory_s01_r06_bun_allocated-stderr.log",NA
"memory_s01_r06_deno_idle",1,36,6,"deno","idle",20260816,"2026-08-10T19:28:12.986598+00:00","2026-08-10T19:28:13.111509+00:00","2026-08-10T19:28:15.124574+00:00","success",0,20,2000,5,86,44257280,42.20703125,44257280,42.20703125,44257280,42.20703125,44257280,42.20703125,44257280,42.20703125,"{""event"":""READY"",""mode"":""idle"",""allocation_bytes"":0,""checksum"":0}","data/raw/memory/session_01/samples/memory_s01_r06_deno_idle_samples.csv","results/logs/memory_final/session_01/memory_s01_r06_deno_idle-stdout.log","results/logs/memory_final/session_01/memory_s01_r06_deno_idle-stderr.log",NA
"memory_s01_r07_node_allocated",1,37,7,"node","allocated",20260817,"2026-08-10T19:28:17.137341+00:00","2026-08-10T19:28:17.397396+00:00","2026-08-10T19:28:19.425008+00:00","success",104857600,20,2000,11,86,143953920,137.28515625,143953920,137.28515625,143953920,137.28515625,143953920,137.28515625,143953920,137.28515625,"{""event"":""READY"",""mode"":""allocated"",""allocation_bytes"":104857600,""checksum"":2}","data/raw/memory/session_01/samples/memory_s01_r07_node_allocated_samples.csv","results/logs/memory_final/session_01/memory_s01_r07_node_allocated-stdout.log","results/logs/memory_final/session_01/memory_s01_r07_node_allocated-stderr.log",NA
"memory_s01_r07_bun_allocated",1,38,7,"bun","allocated",20260817,"2026-08-10T19:28:21.445911+00:00","2026-08-10T19:28:21.600676+00:00","2026-08-10T19:28:23.627021+00:00","success",104857600,20,2000,7,87,163536896,155.9609375,163573760,155.99609375,163571641.37931,155.994073275862,163590144,156.01171875,163590144,156.01171875,"{""event"":""READY"",""mode"":""allocated"",""allocation_bytes"":104857600,""checksum"":2}","data/raw/memory/session_01/samples/memory_s01_r07_bun_allocated_samples.csv","results/logs/memory_final/session_01/memory_s01_r07_bun_allocated-stdout.log","results/logs/memory_final/session_01/memory_s01_r07_bun_allocated-stderr.log",NA
"memory_s01_r07_deno_idle",1,39,7,"deno","idle",20260817,"2026-08-10T19:28:25.650225+00:00","2026-08-10T19:28:25.770053+00:00","2026-08-10T19:28:27.779692+00:00","success",0,20,2000,5,86,44462080,42.40234375,44462080,42.40234375,44462080,42.40234375,44462080,42.40234375,44462080,42.40234375,"{""event"":""READY"",""mode"":""idle"",""allocation_bytes"":0,""checksum"":0}","data/raw/memory/session_01/samples/memory_s01_r07_deno_idle_samples.csv","results/logs/memory_final/session_01/memory_s01_r07_deno_idle-stdout.log","results/logs/memory_final/session_01/memory_s01_r07_deno_idle-stderr.log",NA
"memory_s01_r07_bun_idle",1,40,7,"bun","idle",20260817,"2026-08-10T19:28:29.797232+00:00","2026-08-10T19:28:29.952723+00:00","2026-08-10T19:28:31.966305+00:00","success",0,20,2000,7,86,58621952,55.90625,58634240,55.91796875,58636002.2325581,55.9196493459302,58667008,55.94921875,58667008,55.94921875,"{""event"":""READY"",""mode"":""idle"",""allocation_bytes"":0,""checksum"":0}","data/raw/memory/session_01/samples/memory_s01_r07_bun_idle_samples.csv","results/logs/memory_final/session_01/memory_s01_r07_bun_idle-stdout.log","results/logs/memory_final/session_01/memory_s01_r07_bun_idle-stderr.log",NA
"memory_s01_r07_node_idle",1,41,7,"node","idle",20260817,"2026-08-10T19:28:33.982028+00:00","2026-08-10T19:28:34.152748+00:00","2026-08-10T19:28:36.163567+00:00","success",0,20,2000,7,86,38461440,36.6796875,38461440,36.6796875,38461440,36.6796875,38461440,36.6796875,38461440,36.6796875,"{""event"":""READY"",""mode"":""idle"",""allocation_bytes"":0,""checksum"":0}","data/raw/memory/session_01/samples/memory_s01_r07_node_idle_samples.csv","results/logs/memory_final/session_01/memory_s01_r07_node_idle-stdout.log","results/logs/memory_final/session_01/memory_s01_r07_node_idle-stderr.log",NA
"memory_s01_r07_deno_allocated",1,42,7,"deno","allocated",20260817,"2026-08-10T19:28:38.184231+00:00","2026-08-10T19:28:38.404850+00:00","2026-08-10T19:28:40.431926+00:00","success",104857600,20,2000,9,85,149798912,142.859375,149798912,142.859375,149798912,142.859375,149798912,142.859375,149798912,142.859375,"{""event"":""READY"",""mode"":""allocated"",""allocation_bytes"":104857600,""checksum"":2}","data/raw/memory/session_01/samples/memory_s01_r07_deno_allocated_samples.csv","results/logs/memory_final/session_01/memory_s01_r07_deno_allocated-stdout.log","results/logs/memory_final/session_01/memory_s01_r07_deno_allocated-stderr.log",NA
"memory_s01_r08_node_allocated",1,43,8,"node","allocated",20260818,"2026-08-10T19:28:42.456905+00:00","2026-08-10T19:28:42.699085+00:00","2026-08-10T19:28:44.727293+00:00","success",104857600,20,2000,10,86,143970304,137.30078125,143970304,137.30078125,143970304,137.30078125,143970304,137.30078125,143970304,137.30078125,"{""event"":""READY"",""mode"":""allocated"",""allocation_bytes"":104857600,""checksum"":2}","data/raw/memory/session_01/samples/memory_s01_r08_node_allocated_samples.csv","results/logs/memory_final/session_01/memory_s01_r08_node_allocated-stdout.log","results/logs/memory_final/session_01/memory_s01_r08_node_allocated-stderr.log",NA
"memory_s01_r08_deno_allocated",1,44,8,"deno","allocated",20260818,"2026-08-10T19:28:46.745303+00:00","2026-08-10T19:28:46.966185+00:00","2026-08-10T19:28:48.988328+00:00","success",104857600,20,2000,9,86,149884928,142.94140625,149884928,142.94140625,149884928,142.94140625,149884928,142.94140625,149884928,142.94140625,"{""event"":""READY"",""mode"":""allocated"",""allocation_bytes"":104857600,""checksum"":2}","data/raw/memory/session_01/samples/memory_s01_r08_deno_allocated_samples.csv","results/logs/memory_final/session_01/memory_s01_r08_deno_allocated-stdout.log","results/logs/memory_final/session_01/memory_s01_r08_deno_allocated-stderr.log",NA
"memory_s01_r08_deno_idle",1,45,8,"deno","idle",20260818,"2026-08-10T19:28:51.005967+00:00","2026-08-10T19:28:51.127706+00:00","2026-08-10T19:28:53.138913+00:00","success",0,20,2000,5,87,44535808,42.47265625,44535808,42.47265625,44535808,42.47265625,44535808,42.47265625,44535808,42.47265625,"{""event"":""READY"",""mode"":""idle"",""allocation_bytes"":0,""checksum"":0}","data/raw/memory/session_01/samples/memory_s01_r08_deno_idle_samples.csv","results/logs/memory_final/session_01/memory_s01_r08_deno_idle-stdout.log","results/logs/memory_final/session_01/memory_s01_r08_deno_idle-stderr.log",NA
"memory_s01_r08_bun_allocated",1,46,8,"bun","allocated",20260818,"2026-08-10T19:28:55.157007+00:00","2026-08-10T19:28:55.331018+00:00","2026-08-10T19:28:57.355390+00:00","success",104857600,20,2000,8,86,163475456,155.90234375,163577856,156,163576998.697674,155.999182412791,163598336,156.01953125,163598336,156.01953125,"{""event"":""READY"",""mode"":""allocated"",""allocation_bytes"":104857600,""checksum"":2}","data/raw/memory/session_01/samples/memory_s01_r08_bun_allocated_samples.csv","results/logs/memory_final/session_01/memory_s01_r08_bun_allocated-stdout.log","results/logs/memory_final/session_01/memory_s01_r08_bun_allocated-stderr.log",NA
"memory_s01_r08_node_idle",1,47,8,"node","idle",20260818,"2026-08-10T19:28:59.372139+00:00","2026-08-10T19:28:59.515538+00:00","2026-08-10T19:29:01.526711+00:00","success",0,20,2000,6,86,38445056,36.6640625,38391808,36.61328125,38412811.9069767,36.6333121366279,38445056,36.6640625,38445056,36.6640625,"{""event"":""READY"",""mode"":""idle"",""allocation_bytes"":0,""checksum"":0}","data/raw/memory/session_01/samples/memory_s01_r08_node_idle_samples.csv","results/logs/memory_final/session_01/memory_s01_r08_node_idle-stdout.log","results/logs/memory_final/session_01/memory_s01_r08_node_idle-stderr.log",NA
"memory_s01_r08_bun_idle",1,48,8,"bun","idle",20260818,"2026-08-10T19:29:03.550434+00:00","2026-08-10T19:29:03.713400+00:00","2026-08-10T19:29:05.734265+00:00","success",0,20,2000,7,86,58626048,55.91015625,58646528,55.9296875,58647718.6976744,55.9308230377907,58675200,55.95703125,58675200,55.95703125,"{""event"":""READY"",""mode"":""idle"",""allocation_bytes"":0,""checksum"":0}","data/raw/memory/session_01/samples/memory_s01_r08_bun_idle_samples.csv","results/logs/memory_final/session_01/memory_s01_r08_bun_idle-stdout.log","results/logs/memory_final/session_01/memory_s01_r08_bun_idle-stderr.log",NA
"memory_s01_r09_node_idle",1,49,9,"node","idle",20260819,"2026-08-10T19:29:07.749076+00:00","2026-08-10T19:29:07.893375+00:00","2026-08-10T19:29:09.905582+00:00","success",0,20,2000,6,86,38477824,36.6953125,38477824,36.6953125,38477824,36.6953125,38477824,36.6953125,38477824,36.6953125,"{""event"":""READY"",""mode"":""idle"",""allocation_bytes"":0,""checksum"":0}","data/raw/memory/session_01/samples/memory_s01_r09_node_idle_samples.csv","results/logs/memory_final/session_01/memory_s01_r09_node_idle-stdout.log","results/logs/memory_final/session_01/memory_s01_r09_node_idle-stderr.log",NA
"memory_s01_r09_bun_idle",1,50,9,"bun","idle",20260819,"2026-08-10T19:29:11.922677+00:00","2026-08-10T19:29:12.062653+00:00","2026-08-10T19:29:14.080608+00:00","success",0,20,2000,6,86,58630144,55.9140625,58642432,55.92578125,58642527.255814,55.9258720930233,58675200,55.95703125,58675200,55.95703125,"{""event"":""READY"",""mode"":""idle"",""allocation_bytes"":0,""checksum"":0}","data/raw/memory/session_01/samples/memory_s01_r09_bun_idle_samples.csv","results/logs/memory_final/session_01/memory_s01_r09_bun_idle-stdout.log","results/logs/memory_final/session_01/memory_s01_r09_bun_idle-stderr.log",NA
"memory_s01_r09_deno_idle",1,51,9,"deno","idle",20260819,"2026-08-10T19:29:16.100243+00:00","2026-08-10T19:29:16.223155+00:00","2026-08-10T19:29:18.244949+00:00","success",0,20,2000,5,86,44589056,42.5234375,44589056,42.5234375,44589056,42.5234375,44589056,42.5234375,44589056,42.5234375,"{""event"":""READY"",""mode"":""idle"",""allocation_bytes"":0,""checksum"":0}","data/raw/memory/session_01/samples/memory_s01_r09_deno_idle_samples.csv","results/logs/memory_final/session_01/memory_s01_r09_deno_idle-stdout.log","results/logs/memory_final/session_01/memory_s01_r09_deno_idle-stderr.log",NA
"memory_s01_r09_node_allocated",1,52,9,"node","allocated",20260819,"2026-08-10T19:29:20.260813+00:00","2026-08-10T19:29:20.494813+00:00","2026-08-10T19:29:22.520525+00:00","success",104857600,20,2000,10,85,144011264,137.33984375,144011264,137.33984375,144011264,137.33984375,144011264,137.33984375,144011264,137.33984375,"{""event"":""READY"",""mode"":""allocated"",""allocation_bytes"":104857600,""checksum"":2}","data/raw/memory/session_01/samples/memory_s01_r09_node_allocated_samples.csv","results/logs/memory_final/session_01/memory_s01_r09_node_allocated-stdout.log","results/logs/memory_final/session_01/memory_s01_r09_node_allocated-stderr.log",NA
"memory_s01_r09_deno_allocated",1,53,9,"deno","allocated",20260819,"2026-08-10T19:29:24.541353+00:00","2026-08-10T19:29:24.737845+00:00","2026-08-10T19:29:26.760165+00:00","success",104857600,20,2000,8,86,149880832,142.9375,149880832,142.9375,149880832,142.9375,149880832,142.9375,149880832,142.9375,"{""event"":""READY"",""mode"":""allocated"",""allocation_bytes"":104857600,""checksum"":2}","data/raw/memory/session_01/samples/memory_s01_r09_deno_allocated_samples.csv","results/logs/memory_final/session_01/memory_s01_r09_deno_allocated-stdout.log","results/logs/memory_final/session_01/memory_s01_r09_deno_allocated-stderr.log",NA
"memory_s01_r09_bun_allocated",1,54,9,"bun","allocated",20260819,"2026-08-10T19:29:28.779702+00:00","2026-08-10T19:29:28.936590+00:00","2026-08-10T19:29:30.972889+00:00","success",104857600,20,2000,7,86,163528704,155.953125,163569664,155.9921875,163569664,155.9921875,163590144,156.01171875,163590144,156.01171875,"{""event"":""READY"",""mode"":""allocated"",""allocation_bytes"":104857600,""checksum"":2}","data/raw/memory/session_01/samples/memory_s01_r09_bun_allocated_samples.csv","results/logs/memory_final/session_01/memory_s01_r09_bun_allocated-stdout.log","results/logs/memory_final/session_01/memory_s01_r09_bun_allocated-stderr.log",NA
"memory_s01_r10_node_idle",1,55,10,"node","idle",20260820,"2026-08-10T19:29:32.996942+00:00","2026-08-10T19:29:33.182170+00:00","2026-08-10T19:29:35.200551+00:00","success",0,20,2000,7,82,38567936,36.78125,38567936,36.78125,38567936,36.78125,38567936,36.78125,38567936,36.78125,"{""event"":""READY"",""mode"":""idle"",""allocation_bytes"":0,""checksum"":0}","data/raw/memory/session_01/samples/memory_s01_r10_node_idle_samples.csv","results/logs/memory_final/session_01/memory_s01_r10_node_idle-stdout.log","results/logs/memory_final/session_01/memory_s01_r10_node_idle-stderr.log",NA
"memory_s01_r10_deno_allocated",1,56,10,"deno","allocated",20260820,"2026-08-10T19:29:37.225888+00:00","2026-08-10T19:29:37.441139+00:00","2026-08-10T19:29:39.468478+00:00","success",104857600,20,2000,9,87,149790720,142.8515625,149790720,142.8515625,149790720,142.8515625,149790720,142.8515625,149790720,142.8515625,"{""event"":""READY"",""mode"":""allocated"",""allocation_bytes"":104857600,""checksum"":2}","data/raw/memory/session_01/samples/memory_s01_r10_deno_allocated_samples.csv","results/logs/memory_final/session_01/memory_s01_r10_deno_allocated-stdout.log","results/logs/memory_final/session_01/memory_s01_r10_deno_allocated-stderr.log",NA
"memory_s01_r10_bun_idle",1,57,10,"bun","idle",20260820,"2026-08-10T19:29:41.486124+00:00","2026-08-10T19:29:41.622497+00:00","2026-08-10T19:29:43.654174+00:00","success",0,20,2000,6,87,58585088,55.87109375,58601472,55.88671875,58603355.2183908,55.8885147270115,58634240,55.91796875,58634240,55.91796875,"{""event"":""READY"",""mode"":""idle"",""allocation_bytes"":0,""checksum"":0}","data/raw/memory/session_01/samples/memory_s01_r10_bun_idle_samples.csv","results/logs/memory_final/session_01/memory_s01_r10_bun_idle-stdout.log","results/logs/memory_final/session_01/memory_s01_r10_bun_idle-stderr.log",NA
"memory_s01_r10_node_allocated",1,58,10,"node","allocated",20260820,"2026-08-10T19:29:45.678388+00:00","2026-08-10T19:29:45.917890+00:00","2026-08-10T19:29:47.942294+00:00","success",104857600,20,2000,10,86,143990784,137.3203125,143990784,137.3203125,143990784,137.3203125,143990784,137.3203125,143990784,137.3203125,"{""event"":""READY"",""mode"":""allocated"",""allocation_bytes"":104857600,""checksum"":2}","data/raw/memory/session_01/samples/memory_s01_r10_node_allocated_samples.csv","results/logs/memory_final/session_01/memory_s01_r10_node_allocated-stdout.log","results/logs/memory_final/session_01/memory_s01_r10_node_allocated-stderr.log",NA
"memory_s01_r10_deno_idle",1,59,10,"deno","idle",20260820,"2026-08-10T19:29:49.962586+00:00","2026-08-10T19:29:50.093648+00:00","2026-08-10T19:29:52.107323+00:00","success",0,20,2000,6,86,44429312,42.37109375,44429312,42.37109375,44429312,42.37109375,44429312,42.37109375,44429312,42.37109375,"{""event"":""READY"",""mode"":""idle"",""allocation_bytes"":0,""checksum"":0}","data/raw/memory/session_01/samples/memory_s01_r10_deno_idle_samples.csv","results/logs/memory_final/session_01/memory_s01_r10_deno_idle-stdout.log","results/logs/memory_final/session_01/memory_s01_r10_deno_idle-stderr.log",NA
"memory_s01_r10_bun_allocated",1,60,10,"bun","allocated",20260820,"2026-08-10T19:29:54.130659+00:00","2026-08-10T19:29:54.323150+00:00","2026-08-10T19:29:56.353842+00:00","success",104857600,20,2000,7,86,163500032,155.92578125,163586048,156.0078125,163586333.767442,156.00808502907,163618816,156.0390625,163618816,156.0390625,"{""event"":""READY"",""mode"":""allocated"",""allocation_bytes"":104857600,""checksum"":2}","data/raw/memory/session_01/samples/memory_s01_r10_bun_allocated_samples.csv","results/logs/memory_final/session_01/memory_s01_r10_bun_allocated-stdout.log","results/logs/memory_final/session_01/memory_s01_r10_bun_allocated-stderr.log",NA
"memory_s02_r11_deno_allocated",2,1,11,"deno","allocated",20260821,"2026-08-10T19:36:53.234465+00:00","2026-08-10T19:36:53.470699+00:00","2026-08-10T19:36:55.504284+00:00","success",104857600,20,2000,9,89,149561344,142.6328125,149561344,142.6328125,149561344,142.6328125,149561344,142.6328125,149561344,142.6328125,"{""event"":""READY"",""mode"":""allocated"",""allocation_bytes"":104857600,""checksum"":2}","data/raw/memory/session_02/samples/memory_s02_r11_deno_allocated_samples.csv","results/logs/memory_final/session_02/memory_s02_r11_deno_allocated-stdout.log","results/logs/memory_final/session_02/memory_s02_r11_deno_allocated-stderr.log",NA
"memory_s02_r11_deno_idle",2,2,11,"deno","idle",20260821,"2026-08-10T19:36:57.537142+00:00","2026-08-10T19:36:57.655660+00:00","2026-08-10T19:36:59.675493+00:00","success",0,20,2000,5,86,44179456,42.1328125,44179456,42.1328125,44179456,42.1328125,44179456,42.1328125,44179456,42.1328125,"{""event"":""READY"",""mode"":""idle"",""allocation_bytes"":0,""checksum"":0}","data/raw/memory/session_02/samples/memory_s02_r11_deno_idle_samples.csv","results/logs/memory_final/session_02/memory_s02_r11_deno_idle-stdout.log","results/logs/memory_final/session_02/memory_s02_r11_deno_idle-stderr.log",NA
"memory_s02_r11_node_allocated",2,3,11,"node","allocated",20260821,"2026-08-10T19:37:01.704212+00:00","2026-08-10T19:37:01.982440+00:00","2026-08-10T19:37:04.007495+00:00","success",104857600,20,2000,11,87,143937536,137.26953125,143937536,137.26953125,143937536,137.26953125,143937536,137.26953125,143937536,137.26953125,"{""event"":""READY"",""mode"":""allocated"",""allocation_bytes"":104857600,""checksum"":2}","data/raw/memory/session_02/samples/memory_s02_r11_node_allocated_samples.csv","results/logs/memory_final/session_02/memory_s02_r11_node_allocated-stdout.log","results/logs/memory_final/session_02/memory_s02_r11_node_allocated-stderr.log",NA
"memory_s02_r11_bun_idle",2,4,11,"bun","idle",20260821,"2026-08-10T19:37:06.027047+00:00","2026-08-10T19:37:06.169968+00:00","2026-08-10T19:37:08.186691+00:00","success",0,20,2000,6,86,58626048,55.91015625,58646528,55.9296875,58647909.2093023,55.9310047238372,58679296,55.9609375,58679296,55.9609375,"{""event"":""READY"",""mode"":""idle"",""allocation_bytes"":0,""checksum"":0}","data/raw/memory/session_02/samples/memory_s02_r11_bun_idle_samples.csv","results/logs/memory_final/session_02/memory_s02_r11_bun_idle-stdout.log","results/logs/memory_final/session_02/memory_s02_r11_bun_idle-stderr.log",NA
"memory_s02_r11_bun_allocated",2,5,11,"bun","allocated",20260821,"2026-08-10T19:37:10.205719+00:00","2026-08-10T19:37:10.375722+00:00","2026-08-10T19:37:12.400520+00:00","success",104857600,20,2000,7,82,163467264,155.89453125,163569664,155.9921875,163568964.682927,155.991520579268,163581952,156.00390625,163581952,156.00390625,"{""event"":""READY"",""mode"":""allocated"",""allocation_bytes"":104857600,""checksum"":2}","data/raw/memory/session_02/samples/memory_s02_r11_bun_allocated_samples.csv","results/logs/memory_final/session_02/memory_s02_r11_bun_allocated-stdout.log","results/logs/memory_final/session_02/memory_s02_r11_bun_allocated-stderr.log",NA
"memory_s02_r11_node_idle",2,6,11,"node","idle",20260821,"2026-08-10T19:37:14.416300+00:00","2026-08-10T19:37:14.556278+00:00","2026-08-10T19:37:16.574814+00:00","success",0,20,2000,6,88,38481920,36.69921875,38481920,36.69921875,38481920,36.69921875,38481920,36.69921875,38481920,36.69921875,"{""event"":""READY"",""mode"":""idle"",""allocation_bytes"":0,""checksum"":0}","data/raw/memory/session_02/samples/memory_s02_r11_node_idle_samples.csv","results/logs/memory_final/session_02/memory_s02_r11_node_idle-stdout.log","results/logs/memory_final/session_02/memory_s02_r11_node_idle-stderr.log",NA
"memory_s02_r12_bun_allocated",2,7,12,"bun","allocated",20260822,"2026-08-10T19:37:18.593779+00:00","2026-08-10T19:37:18.745215+00:00","2026-08-10T19:37:20.774005+00:00","success",104857600,20,2000,7,87,163483648,155.91015625,163586048,156.0078125,163583129.011494,156.005028735632,163602432,156.0234375,163602432,156.0234375,"{""event"":""READY"",""mode"":""allocated"",""allocation_bytes"":104857600,""checksum"":2}","data/raw/memory/session_02/samples/memory_s02_r12_bun_allocated_samples.csv","results/logs/memory_final/session_02/memory_s02_r12_bun_allocated-stdout.log","results/logs/memory_final/session_02/memory_s02_r12_bun_allocated-stderr.log",NA
"memory_s02_r12_deno_allocated",2,8,12,"deno","allocated",20260822,"2026-08-10T19:37:22.806130+00:00","2026-08-10T19:37:23.019733+00:00","2026-08-10T19:37:25.049343+00:00","success",104857600,20,2000,9,87,149909504,142.96484375,149909504,142.96484375,149909504,142.96484375,149909504,142.96484375,149909504,142.96484375,"{""event"":""READY"",""mode"":""allocated"",""allocation_bytes"":104857600,""checksum"":2}","data/raw/memory/session_02/samples/memory_s02_r12_deno_allocated_samples.csv","results/logs/memory_final/session_02/memory_s02_r12_deno_allocated-stdout.log","results/logs/memory_final/session_02/memory_s02_r12_deno_allocated-stderr.log",NA
"memory_s02_r12_bun_idle",2,9,12,"bun","idle",20260822,"2026-08-10T19:37:27.069452+00:00","2026-08-10T19:37:27.210468+00:00","2026-08-10T19:37:29.224100+00:00","success",0,20,2000,6,86,58613760,55.8984375,58630144,55.9140625,58630763.1627907,55.9146529796512,58662912,55.9453125,58662912,55.9453125,"{""event"":""READY"",""mode"":""idle"",""allocation_bytes"":0,""checksum"":0}","data/raw/memory/session_02/samples/memory_s02_r12_bun_idle_samples.csv","results/logs/memory_final/session_02/memory_s02_r12_bun_idle-stdout.log","results/logs/memory_final/session_02/memory_s02_r12_bun_idle-stderr.log",NA
"memory_s02_r12_node_allocated",2,10,12,"node","allocated",20260822,"2026-08-10T19:37:31.240523+00:00","2026-08-10T19:37:31.490024+00:00","2026-08-10T19:37:33.513002+00:00","success",104857600,20,2000,9,86,143925248,137.2578125,143925248,137.2578125,143925248,137.2578125,143925248,137.2578125,143925248,137.2578125,"{""event"":""READY"",""mode"":""allocated"",""allocation_bytes"":104857600,""checksum"":2}","data/raw/memory/session_02/samples/memory_s02_r12_node_allocated_samples.csv","results/logs/memory_final/session_02/memory_s02_r12_node_allocated-stdout.log","results/logs/memory_final/session_02/memory_s02_r12_node_allocated-stderr.log",NA
"memory_s02_r12_node_idle",2,11,12,"node","idle",20260822,"2026-08-10T19:37:35.530486+00:00","2026-08-10T19:37:35.668551+00:00","2026-08-10T19:37:37.683769+00:00","success",0,20,2000,6,87,38563840,36.77734375,38563840,36.77734375,38563840,36.77734375,38563840,36.77734375,38563840,36.77734375,"{""event"":""READY"",""mode"":""idle"",""allocation_bytes"":0,""checksum"":0}","data/raw/memory/session_02/samples/memory_s02_r12_node_idle_samples.csv","results/logs/memory_final/session_02/memory_s02_r12_node_idle-stdout.log","results/logs/memory_final/session_02/memory_s02_r12_node_idle-stderr.log",NA
"memory_s02_r12_deno_idle",2,12,12,"deno","idle",20260822,"2026-08-10T19:37:39.701984+00:00","2026-08-10T19:37:39.842225+00:00","2026-08-10T19:37:41.851012+00:00","success",0,20,2000,6,86,44486656,42.42578125,44486656,42.42578125,44486656,42.42578125,44486656,42.42578125,44486656,42.42578125,"{""event"":""READY"",""mode"":""idle"",""allocation_bytes"":0,""checksum"":0}","data/raw/memory/session_02/samples/memory_s02_r12_deno_idle_samples.csv","results/logs/memory_final/session_02/memory_s02_r12_deno_idle-stdout.log","results/logs/memory_final/session_02/memory_s02_r12_deno_idle-stderr.log",NA
"memory_s02_r13_bun_idle",2,13,13,"bun","idle",20260823,"2026-08-10T19:37:43.873202+00:00","2026-08-10T19:37:44.007292+00:00","2026-08-10T19:37:46.032768+00:00","success",0,20,2000,6,86,58617856,55.90234375,58638336,55.921875,58637621.5813954,55.9211936773256,58667008,55.94921875,58667008,55.94921875,"{""event"":""READY"",""mode"":""idle"",""allocation_bytes"":0,""checksum"":0}","data/raw/memory/session_02/samples/memory_s02_r13_bun_idle_samples.csv","results/logs/memory_final/session_02/memory_s02_r13_bun_idle-stdout.log","results/logs/memory_final/session_02/memory_s02_r13_bun_idle-stderr.log",NA
"memory_s02_r13_node_idle",2,14,13,"node","idle",20260823,"2026-08-10T19:37:48.049130+00:00","2026-08-10T19:37:48.189724+00:00","2026-08-10T19:37:50.203305+00:00","success",0,20,2000,6,86,38502400,36.71875,38502400,36.71875,38502400,36.71875,38502400,36.71875,38502400,36.71875,"{""event"":""READY"",""mode"":""idle"",""allocation_bytes"":0,""checksum"":0}","data/raw/memory/session_02/samples/memory_s02_r13_node_idle_samples.csv","results/logs/memory_final/session_02/memory_s02_r13_node_idle-stdout.log","results/logs/memory_final/session_02/memory_s02_r13_node_idle-stderr.log",NA
"memory_s02_r13_deno_idle",2,15,13,"deno","idle",20260823,"2026-08-10T19:37:52.221821+00:00","2026-08-10T19:37:52.331888+00:00","2026-08-10T19:37:54.345422+00:00","success",0,20,2000,5,87,44453888,42.39453125,44453888,42.39453125,44453888,42.39453125,44453888,42.39453125,44453888,42.39453125,"{""event"":""READY"",""mode"":""idle"",""allocation_bytes"":0,""checksum"":0}","data/raw/memory/session_02/samples/memory_s02_r13_deno_idle_samples.csv","results/logs/memory_final/session_02/memory_s02_r13_deno_idle-stdout.log","results/logs/memory_final/session_02/memory_s02_r13_deno_idle-stderr.log",NA
"memory_s02_r13_node_allocated",2,16,13,"node","allocated",20260823,"2026-08-10T19:37:56.367041+00:00","2026-08-10T19:37:56.643679+00:00","2026-08-10T19:37:58.676615+00:00","success",104857600,20,2000,11,88,143945728,137.27734375,143945728,137.27734375,143945728,137.27734375,143945728,137.27734375,143945728,137.27734375,"{""event"":""READY"",""mode"":""allocated"",""allocation_bytes"":104857600,""checksum"":2}","data/raw/memory/session_02/samples/memory_s02_r13_node_allocated_samples.csv","results/logs/memory_final/session_02/memory_s02_r13_node_allocated-stdout.log","results/logs/memory_final/session_02/memory_s02_r13_node_allocated-stderr.log",NA
"memory_s02_r13_bun_allocated",2,17,13,"bun","allocated",20260823,"2026-08-10T19:38:00.694978+00:00","2026-08-10T19:38:00.855333+00:00","2026-08-10T19:38:02.888277+00:00","success",104857600,20,2000,7,86,163520512,155.9453125,163573760,155.99609375,163571330.976744,155.993777252907,163577856,156,163577856,156,"{""event"":""READY"",""mode"":""allocated"",""allocation_bytes"":104857600,""checksum"":2}","data/raw/memory/session_02/samples/memory_s02_r13_bun_allocated_samples.csv","results/logs/memory_final/session_02/memory_s02_r13_bun_allocated-stdout.log","results/logs/memory_final/session_02/memory_s02_r13_bun_allocated-stderr.log",NA
"memory_s02_r13_deno_allocated",2,18,13,"deno","allocated",20260823,"2026-08-10T19:38:04.932508+00:00","2026-08-10T19:38:05.172277+00:00","2026-08-10T19:38:07.193413+00:00","success",104857600,20,2000,10,86,149839872,142.8984375,149839872,142.8984375,149839872,142.8984375,149839872,142.8984375,149839872,142.8984375,"{""event"":""READY"",""mode"":""allocated"",""allocation_bytes"":104857600,""checksum"":2}","data/raw/memory/session_02/samples/memory_s02_r13_deno_allocated_samples.csv","results/logs/memory_final/session_02/memory_s02_r13_deno_allocated-stdout.log","results/logs/memory_final/session_02/memory_s02_r13_deno_allocated-stderr.log",NA
"memory_s02_r14_deno_idle",2,19,14,"deno","idle",20260824,"2026-08-10T19:38:09.215880+00:00","2026-08-10T19:38:09.334639+00:00","2026-08-10T19:38:11.350167+00:00","success",0,20,2000,5,86,44199936,42.15234375,44199936,42.15234375,44199936,42.15234375,44199936,42.15234375,44199936,42.15234375,"{""event"":""READY"",""mode"":""idle"",""allocation_bytes"":0,""checksum"":0}","data/raw/memory/session_02/samples/memory_s02_r14_deno_idle_samples.csv","results/logs/memory_final/session_02/memory_s02_r14_deno_idle-stdout.log","results/logs/memory_final/session_02/memory_s02_r14_deno_idle-stderr.log",NA
"memory_s02_r14_deno_allocated",2,20,14,"deno","allocated",20260824,"2026-08-10T19:38:13.370283+00:00","2026-08-10T19:38:13.587935+00:00","2026-08-10T19:38:15.620633+00:00","success",104857600,20,2000,9,86,149913600,142.96875,149913600,142.96875,149913600,142.96875,149913600,142.96875,149913600,142.96875,"{""event"":""READY"",""mode"":""allocated"",""allocation_bytes"":104857600,""checksum"":2}","data/raw/memory/session_02/samples/memory_s02_r14_deno_allocated_samples.csv","results/logs/memory_final/session_02/memory_s02_r14_deno_allocated-stdout.log","results/logs/memory_final/session_02/memory_s02_r14_deno_allocated-stderr.log",NA
"memory_s02_r14_node_allocated",2,21,14,"node","allocated",20260824,"2026-08-10T19:38:17.642319+00:00","2026-08-10T19:38:17.892501+00:00","2026-08-10T19:38:19.915638+00:00","success",104857600,20,2000,10,86,143953920,137.28515625,143953920,137.28515625,143953920,137.28515625,143953920,137.28515625,143953920,137.28515625,"{""event"":""READY"",""mode"":""allocated"",""allocation_bytes"":104857600,""checksum"":2}","data/raw/memory/session_02/samples/memory_s02_r14_node_allocated_samples.csv","results/logs/memory_final/session_02/memory_s02_r14_node_allocated-stdout.log","results/logs/memory_final/session_02/memory_s02_r14_node_allocated-stderr.log",NA
"memory_s02_r14_node_idle",2,22,14,"node","idle",20260824,"2026-08-10T19:38:21.935097+00:00","2026-08-10T19:38:22.098407+00:00","2026-08-10T19:38:24.129835+00:00","success",0,20,2000,7,86,38551552,36.765625,38551552,36.765625,38551552,36.765625,38551552,36.765625,38551552,36.765625,"{""event"":""READY"",""mode"":""idle"",""allocation_bytes"":0,""checksum"":0}","data/raw/memory/session_02/samples/memory_s02_r14_node_idle_samples.csv","results/logs/memory_final/session_02/memory_s02_r14_node_idle-stdout.log","results/logs/memory_final/session_02/memory_s02_r14_node_idle-stderr.log",NA
"memory_s02_r14_bun_idle",2,23,14,"bun","idle",20260824,"2026-08-10T19:38:26.156065+00:00","2026-08-10T19:38:26.305285+00:00","2026-08-10T19:38:28.325441+00:00","success",0,20,2000,7,86,58605568,55.890625,58617856,55.90234375,58618475.1627907,55.9029342296512,58650624,55.93359375,58650624,55.93359375,"{""event"":""READY"",""mode"":""idle"",""allocation_bytes"":0,""checksum"":0}","data/raw/memory/session_02/samples/memory_s02_r14_bun_idle_samples.csv","results/logs/memory_final/session_02/memory_s02_r14_bun_idle-stdout.log","results/logs/memory_final/session_02/memory_s02_r14_bun_idle-stderr.log",NA
"memory_s02_r14_bun_allocated",2,24,14,"bun","allocated",20260824,"2026-08-10T19:38:30.344354+00:00","2026-08-10T19:38:30.506261+00:00","2026-08-10T19:38:32.532511+00:00","success",104857600,20,2000,7,86,163569664,155.9921875,163594240,156.015625,163594906.790698,156.016260901163,163618816,156.0390625,163618816,156.0390625,"{""event"":""READY"",""mode"":""allocated"",""allocation_bytes"":104857600,""checksum"":2}","data/raw/memory/session_02/samples/memory_s02_r14_bun_allocated_samples.csv","results/logs/memory_final/session_02/memory_s02_r14_bun_allocated-stdout.log","results/logs/memory_final/session_02/memory_s02_r14_bun_allocated-stderr.log",NA
"memory_s02_r15_deno_allocated",2,25,15,"deno","allocated",20260825,"2026-08-10T19:38:34.554373+00:00","2026-08-10T19:38:34.773349+00:00","2026-08-10T19:38:36.805602+00:00","success",104857600,20,2000,9,87,150011904,143.0625,150011904,143.0625,150011904,143.0625,150011904,143.0625,150011904,143.0625,"{""event"":""READY"",""mode"":""allocated"",""allocation_bytes"":104857600,""checksum"":2}","data/raw/memory/session_02/samples/memory_s02_r15_deno_allocated_samples.csv","results/logs/memory_final/session_02/memory_s02_r15_deno_allocated-stdout.log","results/logs/memory_final/session_02/memory_s02_r15_deno_allocated-stderr.log",NA
"memory_s02_r15_deno_idle",2,26,15,"deno","idle",20260825,"2026-08-10T19:38:38.827383+00:00","2026-08-10T19:38:38.942632+00:00","2026-08-10T19:38:40.953807+00:00","success",0,20,2000,5,86,44429312,42.37109375,44429312,42.37109375,44429312,42.37109375,44429312,42.37109375,44429312,42.37109375,"{""event"":""READY"",""mode"":""idle"",""allocation_bytes"":0,""checksum"":0}","data/raw/memory/session_02/samples/memory_s02_r15_deno_idle_samples.csv","results/logs/memory_final/session_02/memory_s02_r15_deno_idle-stdout.log","results/logs/memory_final/session_02/memory_s02_r15_deno_idle-stderr.log",NA
"memory_s02_r15_bun_allocated",2,27,15,"bun","allocated",20260825,"2026-08-10T19:38:42.974504+00:00","2026-08-10T19:38:43.145898+00:00","2026-08-10T19:38:45.177402+00:00","success",104857600,20,2000,7,87,163557376,155.98046875,163594240,156.015625,163593110.068966,156.014547413793,163614720,156.03515625,163614720,156.03515625,"{""event"":""READY"",""mode"":""allocated"",""allocation_bytes"":104857600,""checksum"":2}","data/raw/memory/session_02/samples/memory_s02_r15_bun_allocated_samples.csv","results/logs/memory_final/session_02/memory_s02_r15_bun_allocated-stdout.log","results/logs/memory_final/session_02/memory_s02_r15_bun_allocated-stderr.log",NA
"memory_s02_r15_node_allocated",2,28,15,"node","allocated",20260825,"2026-08-10T19:38:47.197442+00:00","2026-08-10T19:38:47.435277+00:00","2026-08-10T19:38:49.455428+00:00","success",104857600,20,2000,10,86,143982592,137.3125,143982592,137.3125,143982592,137.3125,143982592,137.3125,143982592,137.3125,"{""event"":""READY"",""mode"":""allocated"",""allocation_bytes"":104857600,""checksum"":2}","data/raw/memory/session_02/samples/memory_s02_r15_node_allocated_samples.csv","results/logs/memory_final/session_02/memory_s02_r15_node_allocated-stdout.log","results/logs/memory_final/session_02/memory_s02_r15_node_allocated-stderr.log",NA
"memory_s02_r15_bun_idle",2,29,15,"bun","idle",20260825,"2026-08-10T19:38:51.477341+00:00","2026-08-10T19:38:51.627447+00:00","2026-08-10T19:38:53.644423+00:00","success",0,20,2000,6,87,58605568,55.890625,58621952,55.90625,58623552.7356322,55.9077765804598,58654720,55.9375,58654720,55.9375,"{""event"":""READY"",""mode"":""idle"",""allocation_bytes"":0,""checksum"":0}","data/raw/memory/session_02/samples/memory_s02_r15_bun_idle_samples.csv","results/logs/memory_final/session_02/memory_s02_r15_bun_idle-stdout.log","results/logs/memory_final/session_02/memory_s02_r15_bun_idle-stderr.log",NA
"memory_s02_r15_node_idle",2,30,15,"node","idle",20260825,"2026-08-10T19:38:55.660442+00:00","2026-08-10T19:38:55.803765+00:00","2026-08-10T19:38:57.813768+00:00","success",0,20,2000,6,81,38486016,36.703125,38486016,36.703125,38486016,36.703125,38486016,36.703125,38486016,36.703125,"{""event"":""READY"",""mode"":""idle"",""allocation_bytes"":0,""checksum"":0}","data/raw/memory/session_02/samples/memory_s02_r15_node_idle_samples.csv","results/logs/memory_final/session_02/memory_s02_r15_node_idle-stdout.log","results/logs/memory_final/session_02/memory_s02_r15_node_idle-stderr.log",NA
"memory_s02_r16_bun_idle",2,31,16,"bun","idle",20260826,"2026-08-10T19:38:59.834752+00:00","2026-08-10T19:38:59.980468+00:00","2026-08-10T19:39:02.005725+00:00","success",0,20,2000,7,87,58626048,55.91015625,58646528,55.9296875,58647140.045977,55.9302711925287,58679296,55.9609375,58679296,55.9609375,"{""event"":""READY"",""mode"":""idle"",""allocation_bytes"":0,""checksum"":0}","data/raw/memory/session_02/samples/memory_s02_r16_bun_idle_samples.csv","results/logs/memory_final/session_02/memory_s02_r16_bun_idle-stdout.log","results/logs/memory_final/session_02/memory_s02_r16_bun_idle-stderr.log",NA
"memory_s02_r16_node_allocated",2,32,16,"node","allocated",20260826,"2026-08-10T19:39:04.026571+00:00","2026-08-10T19:39:04.271312+00:00","2026-08-10T19:39:06.293153+00:00","success",104857600,20,2000,10,86,143990784,137.3203125,143990784,137.3203125,143990784,137.3203125,143990784,137.3203125,143990784,137.3203125,"{""event"":""READY"",""mode"":""allocated"",""allocation_bytes"":104857600,""checksum"":2}","data/raw/memory/session_02/samples/memory_s02_r16_node_allocated_samples.csv","results/logs/memory_final/session_02/memory_s02_r16_node_allocated-stdout.log","results/logs/memory_final/session_02/memory_s02_r16_node_allocated-stderr.log",NA
"memory_s02_r16_deno_allocated",2,33,16,"deno","allocated",20260826,"2026-08-10T19:39:08.314062+00:00","2026-08-10T19:39:08.512384+00:00","2026-08-10T19:39:10.540382+00:00","success",104857600,20,2000,8,86,149897216,142.953125,149897216,142.953125,149897216,142.953125,149897216,142.953125,149897216,142.953125,"{""event"":""READY"",""mode"":""allocated"",""allocation_bytes"":104857600,""checksum"":2}","data/raw/memory/session_02/samples/memory_s02_r16_deno_allocated_samples.csv","results/logs/memory_final/session_02/memory_s02_r16_deno_allocated-stdout.log","results/logs/memory_final/session_02/memory_s02_r16_deno_allocated-stderr.log",NA
"memory_s02_r16_node_idle",2,34,16,"node","idle",20260826,"2026-08-10T19:39:12.558078+00:00","2026-08-10T19:39:12.714925+00:00","2026-08-10T19:39:14.727859+00:00","success",0,20,2000,7,86,38477824,36.6953125,38477824,36.6953125,38477824,36.6953125,38477824,36.6953125,38477824,36.6953125,"{""event"":""READY"",""mode"":""idle"",""allocation_bytes"":0,""checksum"":0}","data/raw/memory/session_02/samples/memory_s02_r16_node_idle_samples.csv","results/logs/memory_final/session_02/memory_s02_r16_node_idle-stdout.log","results/logs/memory_final/session_02/memory_s02_r16_node_idle-stderr.log",NA
"memory_s02_r16_deno_idle",2,35,16,"deno","idle",20260826,"2026-08-10T19:39:16.747618+00:00","2026-08-10T19:39:16.866893+00:00","2026-08-10T19:39:18.879313+00:00","success",0,20,2000,5,86,44519424,42.45703125,44519424,42.45703125,44519424,42.45703125,44519424,42.45703125,44519424,42.45703125,"{""event"":""READY"",""mode"":""idle"",""allocation_bytes"":0,""checksum"":0}","data/raw/memory/session_02/samples/memory_s02_r16_deno_idle_samples.csv","results/logs/memory_final/session_02/memory_s02_r16_deno_idle-stdout.log","results/logs/memory_final/session_02/memory_s02_r16_deno_idle-stderr.log",NA
"memory_s02_r16_bun_allocated",2,36,16,"bun","allocated",20260826,"2026-08-10T19:39:20.900258+00:00","2026-08-10T19:39:21.057435+00:00","2026-08-10T19:39:23.085255+00:00","success",104857600,20,2000,7,87,163549184,155.97265625,163581952,156.00390625,163580916.229885,156.002918462644,163598336,156.01953125,163598336,156.01953125,"{""event"":""READY"",""mode"":""allocated"",""allocation_bytes"":104857600,""checksum"":2}","data/raw/memory/session_02/samples/memory_s02_r16_bun_allocated_samples.csv","results/logs/memory_final/session_02/memory_s02_r16_bun_allocated-stdout.log","results/logs/memory_final/session_02/memory_s02_r16_bun_allocated-stderr.log",NA
"memory_s02_r17_bun_idle",2,37,17,"bun","idle",20260827,"2026-08-10T19:39:25.104928+00:00","2026-08-10T19:39:25.256741+00:00","2026-08-10T19:39:27.272116+00:00","success",0,20,2000,6,86,58617856,55.90234375,58634240,55.91796875,58634478.1395349,55.9181958575581,58662912,55.9453125,58662912,55.9453125,"{""event"":""READY"",""mode"":""idle"",""allocation_bytes"":0,""checksum"":0}","data/raw/memory/session_02/samples/memory_s02_r17_bun_idle_samples.csv","results/logs/memory_final/session_02/memory_s02_r17_bun_idle-stdout.log","results/logs/memory_final/session_02/memory_s02_r17_bun_idle-stderr.log",NA
"memory_s02_r17_node_idle",2,38,17,"node","idle",20260827,"2026-08-10T19:39:29.297259+00:00","2026-08-10T19:39:29.441716+00:00","2026-08-10T19:39:31.457222+00:00","success",0,20,2000,6,86,38461440,36.6796875,38461440,36.6796875,38461440,36.6796875,38461440,36.6796875,38461440,36.6796875,"{""event"":""READY"",""mode"":""idle"",""allocation_bytes"":0,""checksum"":0}","data/raw/memory/session_02/samples/memory_s02_r17_node_idle_samples.csv","results/logs/memory_final/session_02/memory_s02_r17_node_idle-stdout.log","results/logs/memory_final/session_02/memory_s02_r17_node_idle-stderr.log",NA
"memory_s02_r17_bun_allocated",2,39,17,"bun","allocated",20260827,"2026-08-10T19:39:33.478501+00:00","2026-08-10T19:39:33.643148+00:00","2026-08-10T19:39:35.672588+00:00","success",104857600,20,2000,7,87,163532800,155.95703125,163577856,156,163576820.229885,155.999012212644,163590144,156.01171875,163590144,156.01171875,"{""event"":""READY"",""mode"":""allocated"",""allocation_bytes"":104857600,""checksum"":2}","data/raw/memory/session_02/samples/memory_s02_r17_bun_allocated_samples.csv","results/logs/memory_final/session_02/memory_s02_r17_bun_allocated-stdout.log","results/logs/memory_final/session_02/memory_s02_r17_bun_allocated-stderr.log",NA
"memory_s02_r17_deno_allocated",2,40,17,"deno","allocated",20260827,"2026-08-10T19:39:37.692993+00:00","2026-08-10T19:39:37.920093+00:00","2026-08-10T19:39:39.944647+00:00","success",104857600,20,2000,9,87,149712896,142.77734375,149712896,142.77734375,149712896,142.77734375,149712896,142.77734375,149712896,142.77734375,"{""event"":""READY"",""mode"":""allocated"",""allocation_bytes"":104857600,""checksum"":2}","data/raw/memory/session_02/samples/memory_s02_r17_deno_allocated_samples.csv","results/logs/memory_final/session_02/memory_s02_r17_deno_allocated-stdout.log","results/logs/memory_final/session_02/memory_s02_r17_deno_allocated-stderr.log",NA
"memory_s02_r17_node_allocated",2,41,17,"node","allocated",20260827,"2026-08-10T19:39:41.963905+00:00","2026-08-10T19:39:42.212109+00:00","2026-08-10T19:39:44.235536+00:00","success",104857600,20,2000,10,85,143970304,137.30078125,143970304,137.30078125,143970304,137.30078125,143970304,137.30078125,143970304,137.30078125,"{""event"":""READY"",""mode"":""allocated"",""allocation_bytes"":104857600,""checksum"":2}","data/raw/memory/session_02/samples/memory_s02_r17_node_allocated_samples.csv","results/logs/memory_final/session_02/memory_s02_r17_node_allocated-stdout.log","results/logs/memory_final/session_02/memory_s02_r17_node_allocated-stderr.log",NA
"memory_s02_r17_deno_idle",2,42,17,"deno","idle",20260827,"2026-08-10T19:39:46.261732+00:00","2026-08-10T19:39:46.388412+00:00","2026-08-10T19:39:48.423097+00:00","success",0,20,2000,5,86,44503040,42.44140625,44503040,42.44140625,44503040,42.44140625,44503040,42.44140625,44503040,42.44140625,"{""event"":""READY"",""mode"":""idle"",""allocation_bytes"":0,""checksum"":0}","data/raw/memory/session_02/samples/memory_s02_r17_deno_idle_samples.csv","results/logs/memory_final/session_02/memory_s02_r17_deno_idle-stdout.log","results/logs/memory_final/session_02/memory_s02_r17_deno_idle-stderr.log",NA
"memory_s02_r18_node_idle",2,43,18,"node","idle",20260828,"2026-08-10T19:39:50.456591+00:00","2026-08-10T19:39:50.604525+00:00","2026-08-10T19:39:52.614169+00:00","success",0,20,2000,6,86,38473728,36.69140625,38473728,36.69140625,38473728,36.69140625,38473728,36.69140625,38473728,36.69140625,"{""event"":""READY"",""mode"":""idle"",""allocation_bytes"":0,""checksum"":0}","data/raw/memory/session_02/samples/memory_s02_r18_node_idle_samples.csv","results/logs/memory_final/session_02/memory_s02_r18_node_idle-stdout.log","results/logs/memory_final/session_02/memory_s02_r18_node_idle-stderr.log",NA
"memory_s02_r18_deno_idle",2,44,18,"deno","idle",20260828,"2026-08-10T19:39:54.634022+00:00","2026-08-10T19:39:54.747130+00:00","2026-08-10T19:39:56.756140+00:00","success",0,20,2000,5,85,44646400,42.578125,44646400,42.578125,44646400,42.578125,44646400,42.578125,44646400,42.578125,"{""event"":""READY"",""mode"":""idle"",""allocation_bytes"":0,""checksum"":0}","data/raw/memory/session_02/samples/memory_s02_r18_deno_idle_samples.csv","results/logs/memory_final/session_02/memory_s02_r18_deno_idle-stdout.log","results/logs/memory_final/session_02/memory_s02_r18_deno_idle-stderr.log",NA
"memory_s02_r18_bun_allocated",2,45,18,"bun","allocated",20260828,"2026-08-10T19:39:58.776842+00:00","2026-08-10T19:39:58.942726+00:00","2026-08-10T19:40:00.978666+00:00","success",104857600,20,2000,7,87,163557376,155.98046875,163586048,156.0078125,163585059.310345,156.006869612069,163606528,156.02734375,163606528,156.02734375,"{""event"":""READY"",""mode"":""allocated"",""allocation_bytes"":104857600,""checksum"":2}","data/raw/memory/session_02/samples/memory_s02_r18_bun_allocated_samples.csv","results/logs/memory_final/session_02/memory_s02_r18_bun_allocated-stdout.log","results/logs/memory_final/session_02/memory_s02_r18_bun_allocated-stderr.log",NA
"memory_s02_r18_node_allocated",2,46,18,"node","allocated",20260828,"2026-08-10T19:40:03.002033+00:00","2026-08-10T19:40:03.233497+00:00","2026-08-10T19:40:05.258827+00:00","success",104857600,20,2000,10,87,143949824,137.28125,143949824,137.28125,143949824,137.28125,143949824,137.28125,143949824,137.28125,"{""event"":""READY"",""mode"":""allocated"",""allocation_bytes"":104857600,""checksum"":2}","data/raw/memory/session_02/samples/memory_s02_r18_node_allocated_samples.csv","results/logs/memory_final/session_02/memory_s02_r18_node_allocated-stdout.log","results/logs/memory_final/session_02/memory_s02_r18_node_allocated-stderr.log",NA
"memory_s02_r18_deno_allocated",2,47,18,"deno","allocated",20260828,"2026-08-10T19:40:07.288118+00:00","2026-08-10T19:40:07.525401+00:00","2026-08-10T19:40:09.557762+00:00","success",104857600,20,2000,9,86,149848064,142.90625,149848064,142.90625,149848064,142.90625,149848064,142.90625,149848064,142.90625,"{""event"":""READY"",""mode"":""allocated"",""allocation_bytes"":104857600,""checksum"":2}","data/raw/memory/session_02/samples/memory_s02_r18_deno_allocated_samples.csv","results/logs/memory_final/session_02/memory_s02_r18_deno_allocated-stdout.log","results/logs/memory_final/session_02/memory_s02_r18_deno_allocated-stderr.log",NA
"memory_s02_r18_bun_idle",2,48,18,"bun","idle",20260828,"2026-08-10T19:40:11.585296+00:00","2026-08-10T19:40:11.748307+00:00","2026-08-10T19:40:13.761939+00:00","success",0,20,2000,7,86,58609664,55.89453125,58630144,55.9140625,58630429.7674419,55.9143350290698,58658816,55.94140625,58658816,55.94140625,"{""event"":""READY"",""mode"":""idle"",""allocation_bytes"":0,""checksum"":0}","data/raw/memory/session_02/samples/memory_s02_r18_bun_idle_samples.csv","results/logs/memory_final/session_02/memory_s02_r18_bun_idle-stdout.log","results/logs/memory_final/session_02/memory_s02_r18_bun_idle-stderr.log",NA
"memory_s02_r19_node_allocated",2,49,19,"node","allocated",20260829,"2026-08-10T19:40:15.779050+00:00","2026-08-10T19:40:16.016235+00:00","2026-08-10T19:40:18.041138+00:00","success",104857600,20,2000,10,85,144003072,137.33203125,144003072,137.33203125,144003072,137.33203125,144003072,137.33203125,144003072,137.33203125,"{""event"":""READY"",""mode"":""allocated"",""allocation_bytes"":104857600,""checksum"":2}","data/raw/memory/session_02/samples/memory_s02_r19_node_allocated_samples.csv","results/logs/memory_final/session_02/memory_s02_r19_node_allocated-stdout.log","results/logs/memory_final/session_02/memory_s02_r19_node_allocated-stderr.log",NA
"memory_s02_r19_node_idle",2,50,19,"node","idle",20260829,"2026-08-10T19:40:20.059885+00:00","2026-08-10T19:40:20.246289+00:00","2026-08-10T19:40:22.256949+00:00","success",0,20,2000,7,86,38514688,36.73046875,38514688,36.73046875,38514688,36.73046875,38514688,36.73046875,38514688,36.73046875,"{""event"":""READY"",""mode"":""idle"",""allocation_bytes"":0,""checksum"":0}","data/raw/memory/session_02/samples/memory_s02_r19_node_idle_samples.csv","results/logs/memory_final/session_02/memory_s02_r19_node_idle-stdout.log","results/logs/memory_final/session_02/memory_s02_r19_node_idle-stderr.log",NA
"memory_s02_r19_deno_allocated",2,51,19,"deno","allocated",20260829,"2026-08-10T19:40:24.275922+00:00","2026-08-10T19:40:24.492823+00:00","2026-08-10T19:40:26.518719+00:00","success",104857600,20,2000,9,86,149889024,142.9453125,149889024,142.9453125,149889024,142.9453125,149889024,142.9453125,149889024,142.9453125,"{""event"":""READY"",""mode"":""allocated"",""allocation_bytes"":104857600,""checksum"":2}","data/raw/memory/session_02/samples/memory_s02_r19_deno_allocated_samples.csv","results/logs/memory_final/session_02/memory_s02_r19_deno_allocated-stdout.log","results/logs/memory_final/session_02/memory_s02_r19_deno_allocated-stderr.log",NA
"memory_s02_r19_bun_idle",2,52,19,"bun","idle",20260829,"2026-08-10T19:40:28.545822+00:00","2026-08-10T19:40:28.686829+00:00","2026-08-10T19:40:30.712457+00:00","success",0,20,2000,6,86,58605568,55.890625,58617856,55.90234375,58621285.2093023,55.9056140988372,58650624,55.93359375,58650624,55.93359375,"{""event"":""READY"",""mode"":""idle"",""allocation_bytes"":0,""checksum"":0}","data/raw/memory/session_02/samples/memory_s02_r19_bun_idle_samples.csv","results/logs/memory_final/session_02/memory_s02_r19_bun_idle-stdout.log","results/logs/memory_final/session_02/memory_s02_r19_bun_idle-stderr.log",NA
"memory_s02_r19_bun_allocated",2,53,19,"bun","allocated",20260829,"2026-08-10T19:40:32.779868+00:00","2026-08-10T19:40:32.938662+00:00","2026-08-10T19:40:34.962991+00:00","success",104857600,20,2000,7,86,163483648,155.91015625,163586048,156.0078125,163583618.976744,156.005496002907,163606528,156.02734375,163606528,156.02734375,"{""event"":""READY"",""mode"":""allocated"",""allocation_bytes"":104857600,""checksum"":2}","data/raw/memory/session_02/samples/memory_s02_r19_bun_allocated_samples.csv","results/logs/memory_final/session_02/memory_s02_r19_bun_allocated-stdout.log","results/logs/memory_final/session_02/memory_s02_r19_bun_allocated-stderr.log",NA
"memory_s02_r19_deno_idle",2,54,19,"deno","idle",20260829,"2026-08-10T19:40:36.988816+00:00","2026-08-10T19:40:37.098357+00:00","2026-08-10T19:40:39.109712+00:00","success",0,20,2000,5,86,44535808,42.47265625,44535808,42.47265625,44535808,42.47265625,44535808,42.47265625,44535808,42.47265625,"{""event"":""READY"",""mode"":""idle"",""allocation_bytes"":0,""checksum"":0}","data/raw/memory/session_02/samples/memory_s02_r19_deno_idle_samples.csv","results/logs/memory_final/session_02/memory_s02_r19_deno_idle-stdout.log","results/logs/memory_final/session_02/memory_s02_r19_deno_idle-stderr.log",NA
"memory_s02_r20_deno_idle",2,55,20,"deno","idle",20260830,"2026-08-10T19:40:41.139705+00:00","2026-08-10T19:40:41.351982+00:00","2026-08-10T19:40:43.364360+00:00","success",0,20,2000,7,81,44523520,42.4609375,44523520,42.4609375,44523520,42.4609375,44523520,42.4609375,44523520,42.4609375,"{""event"":""READY"",""mode"":""idle"",""allocation_bytes"":0,""checksum"":0}","data/raw/memory/session_02/samples/memory_s02_r20_deno_idle_samples.csv","results/logs/memory_final/session_02/memory_s02_r20_deno_idle-stdout.log","results/logs/memory_final/session_02/memory_s02_r20_deno_idle-stderr.log",NA
"memory_s02_r20_bun_idle",2,56,20,"bun","idle",20260830,"2026-08-10T19:40:45.385104+00:00","2026-08-10T19:40:45.535552+00:00","2026-08-10T19:40:47.547757+00:00","success",0,20,2000,6,86,58593280,55.87890625,58605568,55.890625,58608997.2093023,55.8938953488372,58638336,55.921875,58638336,55.921875,"{""event"":""READY"",""mode"":""idle"",""allocation_bytes"":0,""checksum"":0}","data/raw/memory/session_02/samples/memory_s02_r20_bun_idle_samples.csv","results/logs/memory_final/session_02/memory_s02_r20_bun_idle-stdout.log","results/logs/memory_final/session_02/memory_s02_r20_bun_idle-stderr.log",NA
"memory_s02_r20_deno_allocated",2,57,20,"deno","allocated",20260830,"2026-08-10T19:40:49.569348+00:00","2026-08-10T19:40:49.769581+00:00","2026-08-10T19:40:51.820065+00:00","success",104857600,20,2000,9,86,150044672,143.09375,150044672,143.09375,150044672,143.09375,150044672,143.09375,150044672,143.09375,"{""event"":""READY"",""mode"":""allocated"",""allocation_bytes"":104857600,""checksum"":2}","data/raw/memory/session_02/samples/memory_s02_r20_deno_allocated_samples.csv","results/logs/memory_final/session_02/memory_s02_r20_deno_allocated-stdout.log","results/logs/memory_final/session_02/memory_s02_r20_deno_allocated-stderr.log",NA
"memory_s02_r20_bun_allocated",2,58,20,"bun","allocated",20260830,"2026-08-10T19:40:53.854202+00:00","2026-08-10T19:40:54.018886+00:00","2026-08-10T19:40:56.044484+00:00","success",104857600,20,2000,7,85,163520512,155.9453125,163557376,155.98046875,163557424.188235,155.980514705882,163581952,156.00390625,163581952,156.00390625,"{""event"":""READY"",""mode"":""allocated"",""allocation_bytes"":104857600,""checksum"":2}","data/raw/memory/session_02/samples/memory_s02_r20_bun_allocated_samples.csv","results/logs/memory_final/session_02/memory_s02_r20_bun_allocated-stdout.log","results/logs/memory_final/session_02/memory_s02_r20_bun_allocated-stderr.log",NA
"memory_s02_r20_node_allocated",2,59,20,"node","allocated",20260830,"2026-08-10T19:40:58.066633+00:00","2026-08-10T19:40:58.308674+00:00","2026-08-10T19:41:00.344566+00:00","success",104857600,20,2000,10,86,144039936,137.3671875,144039936,137.3671875,144039888.372093,137.367142078488,144039936,137.3671875,144039936,137.3671875,"{""event"":""READY"",""mode"":""allocated"",""allocation_bytes"":104857600,""checksum"":2}","data/raw/memory/session_02/samples/memory_s02_r20_node_allocated_samples.csv","results/logs/memory_final/session_02/memory_s02_r20_node_allocated-stdout.log","results/logs/memory_final/session_02/memory_s02_r20_node_allocated-stderr.log",NA
"memory_s02_r20_node_idle",2,60,20,"node","idle",20260830,"2026-08-10T19:41:02.370222+00:00","2026-08-10T19:41:02.555230+00:00","2026-08-10T19:41:04.563131+00:00","success",0,20,2000,7,86,38453248,36.671875,38453248,36.671875,38453248,36.671875,38453248,36.671875,38453248,36.671875,"{""event"":""READY"",""mode"":""idle"",""allocation_bytes"":0,""checksum"":0}","data/raw/memory/session_02/samples/memory_s02_r20_node_idle_samples.csv","results/logs/memory_final/session_02/memory_s02_r20_node_idle-stdout.log","results/logs/memory_final/session_02/memory_s02_r20_node_idle-stderr.log",NA
