run_id,runtime,connections,pipelining,warmup_seconds,measurement_seconds,timeout_seconds,repetition,started_at,finished_at,status,result_file,error_message
node_c010_r01,node,10,1,5,20,10,1,2026-08-03T11:40:47.260418+00:00,2026-08-03T11:41:21.256791+00:00,success,D:\FOLO_PROJECTS\MASTERS\javascript-runtime-performance-study\data\pilot\http\repeated\node_c010_r01.json,
bun_c010_r01,bun,10,1,5,20,10,1,2026-08-03T11:41:26.578876+00:00,2026-08-03T11:42:04.424350+00:00,success,D:\FOLO_PROJECTS\MASTERS\javascript-runtime-performance-study\data\pilot\http\repeated\bun_c010_r01.json,
deno_c010_r01,deno,10,1,5,20,10,1,2026-08-03T11:42:09.671356+00:00,2026-08-03T11:42:48.923550+00:00,success,D:\FOLO_PROJECTS\MASTERS\javascript-runtime-performance-study\data\pilot\http\repeated\deno_c010_r01.json,
node_c050_r01,node,50,1,5,20,10,1,2026-08-03T11:42:54.233459+00:00,2026-08-03T11:43:21.543815+00:00,success,D:\FOLO_PROJECTS\MASTERS\javascript-runtime-performance-study\data\pilot\http\repeated\node_c050_r01.json,
bun_c050_r01,bun,50,1,5,20,10,1,2026-08-03T11:43:26.785438+00:00,2026-08-03T11:43:53.582074+00:00,success,D:\FOLO_PROJECTS\MASTERS\javascript-runtime-performance-study\data\pilot\http\repeated\bun_c050_r01.json,
deno_c050_r01,deno,50,1,5,20,10,1,2026-08-03T11:43:58.810117+00:00,2026-08-03T11:44:25.580556+00:00,success,D:\FOLO_PROJECTS\MASTERS\javascript-runtime-performance-study\data\pilot\http\repeated\deno_c050_r01.json,
node_c100_r01,node,100,1,5,20,10,1,2026-08-03T11:44:30.809692+00:00,2026-08-03T11:44:57.626008+00:00,success,D:\FOLO_PROJECTS\MASTERS\javascript-runtime-performance-study\data\pilot\http\repeated\node_c100_r01.json,
bun_c100_r01,bun,100,1,5,20,10,1,2026-08-03T11:45:02.846799+00:00,2026-08-03T11:45:29.707134+00:00,success,D:\FOLO_PROJECTS\MASTERS\javascript-runtime-performance-study\data\pilot\http\repeated\bun_c100_r01.json,
deno_c100_r01,deno,100,1,5,20,10,1,2026-08-03T11:45:34.967202+00:00,2026-08-03T11:46:02.584684+00:00,success,D:\FOLO_PROJECTS\MASTERS\javascript-runtime-performance-study\data\pilot\http\repeated\deno_c100_r01.json,
bun_c010_r02,bun,10,1,5,20,10,2,2026-08-03T11:46:07.866161+00:00,2026-08-03T11:46:34.865678+00:00,success,D:\FOLO_PROJECTS\MASTERS\javascript-runtime-performance-study\data\pilot\http\repeated\bun_c010_r02.json,
deno_c010_r02,deno,10,1,5,20,10,2,2026-08-03T11:46:40.108721+00:00,2026-08-03T11:47:06.997104+00:00,success,D:\FOLO_PROJECTS\MASTERS\javascript-runtime-performance-study\data\pilot\http\repeated\deno_c010_r02.json,
node_c010_r02,node,10,1,5,20,10,2,2026-08-03T11:47:12.255865+00:00,2026-08-03T11:47:39.182869+00:00,success,D:\FOLO_PROJECTS\MASTERS\javascript-runtime-performance-study\data\pilot\http\repeated\node_c010_r02.json,
bun_c050_r02,bun,50,1,5,20,10,2,2026-08-03T11:47:44.436287+00:00,2026-08-03T11:48:11.484858+00:00,success,D:\FOLO_PROJECTS\MASTERS\javascript-runtime-performance-study\data\pilot\http\repeated\bun_c050_r02.json,
deno_c050_r02,deno,50,1,5,20,10,2,2026-08-03T11:48:16.768831+00:00,2026-08-03T11:48:43.793085+00:00,success,D:\FOLO_PROJECTS\MASTERS\javascript-runtime-performance-study\data\pilot\http\repeated\deno_c050_r02.json,
node_c050_r02,node,50,1,5,20,10,2,2026-08-03T11:48:49.053221+00:00,2026-08-03T11:49:16.057533+00:00,success,D:\FOLO_PROJECTS\MASTERS\javascript-runtime-performance-study\data\pilot\http\repeated\node_c050_r02.json,
bun_c100_r02,bun,100,1,5,20,10,2,2026-08-03T11:49:21.279366+00:00,2026-08-03T11:49:48.076948+00:00,success,D:\FOLO_PROJECTS\MASTERS\javascript-runtime-performance-study\data\pilot\http\repeated\bun_c100_r02.json,
deno_c100_r02,deno,100,1,5,20,10,2,2026-08-03T11:49:53.295068+00:00,2026-08-03T11:50:20.163248+00:00,success,D:\FOLO_PROJECTS\MASTERS\javascript-runtime-performance-study\data\pilot\http\repeated\deno_c100_r02.json,
node_c100_r02,node,100,1,5,20,10,2,2026-08-03T11:50:25.381661+00:00,2026-08-03T11:50:52.206627+00:00,success,D:\FOLO_PROJECTS\MASTERS\javascript-runtime-performance-study\data\pilot\http\repeated\node_c100_r02.json,
deno_c010_r03,deno,10,1,5,20,10,3,2026-08-03T11:50:57.430197+00:00,2026-08-03T11:51:24.272205+00:00,success,D:\FOLO_PROJECTS\MASTERS\javascript-runtime-performance-study\data\pilot\http\repeated\deno_c010_r03.json,
node_c010_r03,node,10,1,5,20,10,3,2026-08-03T11:51:29.492674+00:00,2026-08-03T11:51:56.223867+00:00,success,D:\FOLO_PROJECTS\MASTERS\javascript-runtime-performance-study\data\pilot\http\repeated\node_c010_r03.json,
bun_c010_r03,bun,10,1,5,20,10,3,2026-08-03T11:52:01.467892+00:00,2026-08-03T11:52:28.302122+00:00,success,D:\FOLO_PROJECTS\MASTERS\javascript-runtime-performance-study\data\pilot\http\repeated\bun_c010_r03.json,
deno_c050_r03,deno,50,1,5,20,10,3,2026-08-03T11:52:33.554680+00:00,2026-08-03T11:53:00.392842+00:00,success,D:\FOLO_PROJECTS\MASTERS\javascript-runtime-performance-study\data\pilot\http\repeated\deno_c050_r03.json,
node_c050_r03,node,50,1,5,20,10,3,2026-08-03T11:53:05.630951+00:00,2026-08-03T11:53:32.438375+00:00,success,D:\FOLO_PROJECTS\MASTERS\javascript-runtime-performance-study\data\pilot\http\repeated\node_c050_r03.json,
bun_c050_r03,bun,50,1,5,20,10,3,2026-08-03T11:53:37.797754+00:00,2026-08-03T11:54:04.571654+00:00,success,D:\FOLO_PROJECTS\MASTERS\javascript-runtime-performance-study\data\pilot\http\repeated\bun_c050_r03.json,
deno_c100_r03,deno,100,1,5,20,10,3,2026-08-03T11:54:09.821463+00:00,2026-08-03T11:54:36.725438+00:00,success,D:\FOLO_PROJECTS\MASTERS\javascript-runtime-performance-study\data\pilot\http\repeated\deno_c100_r03.json,
node_c100_r03,node,100,1,5,20,10,3,2026-08-03T11:54:41.958382+00:00,2026-08-03T11:55:08.805282+00:00,success,D:\FOLO_PROJECTS\MASTERS\javascript-runtime-performance-study\data\pilot\http\repeated\node_c100_r03.json,
bun_c100_r03,bun,100,1,5,20,10,3,2026-08-03T11:55:14.043318+00:00,2026-08-03T11:55:40.911540+00:00,success,D:\FOLO_PROJECTS\MASTERS\javascript-runtime-performance-study\data\pilot\http\repeated\bun_c100_r03.json,
