"workload","run_id","session_id","sequence","repetition","runtime","connections","pipelining","warmup_seconds","measurement_seconds","timeout_seconds","started_at","finished_at","status","requests_per_second","mean_latency_ms","median_latency_ms","p99_latency_ms","total_requests","errors","timeouts","mismatches","non_2xx"
"simple","http_s01_r01_node_c010",1,3,1,"Node.js",10,1,10,30,10,"2026-08-03T14:24:55.121083+00:00","2026-08-03T14:25:37.682132+00:00","success",16192.27,0.05,0,1,485774,0,0,0,0
"simple","http_s01_r02_node_c010",1,11,2,"Node.js",10,1,10,30,10,"2026-08-03T14:31:51.354898+00:00","2026-08-03T14:32:32.917689+00:00","success",16488.14,0.06,0,1,494651,0,0,0,0
"simple","http_s01_r03_node_c010",1,23,3,"Node.js",10,1,10,30,10,"2026-08-03T14:42:12.728170+00:00","2026-08-03T14:42:54.296899+00:00","success",16764,0.05,0,1,502909,0,0,0,0
"simple","http_s01_r04_node_c010",1,36,4,"Node.js",10,1,10,30,10,"2026-08-03T14:53:26.801912+00:00","2026-08-03T14:54:08.356298+00:00","success",16743.6,0.05,0,1,502267,0,0,0,0
"simple","http_s01_r05_node_c010",1,44,5,"Node.js",10,1,10,30,10,"2026-08-03T15:00:20.001935+00:00","2026-08-03T15:01:01.566306+00:00","success",17446,0.04,0,1,523355,0,0,0,0
"simple","http_s02_r06_node_c010",2,7,6,"Node.js",10,1,10,30,10,"2026-08-03T15:12:43.600865+00:00","2026-08-03T15:13:26.160488+00:00","success",17129.34,0.05,0,1,513890,0,0,0,0
"simple","http_s02_r07_node_c010",2,17,7,"Node.js",10,1,10,30,10,"2026-08-03T15:21:21.953940+00:00","2026-08-03T15:22:04.508158+00:00","success",16966,0.05,0,1,508980,0,0,0,0
"simple","http_s02_r08_node_c010",2,27,8,"Node.js",10,1,10,30,10,"2026-08-03T15:29:59.430228+00:00","2026-08-03T15:30:40.995784+00:00","success",16610.54,0.05,0,1,498330,0,0,0,0
"simple","http_s02_r09_node_c010",2,36,9,"Node.js",10,1,10,30,10,"2026-08-03T15:37:46.442206+00:00","2026-08-03T15:38:29.033602+00:00","success",17368.14,0.04,0,1,521032,0,0,0,0
"simple","http_s02_r10_node_c010",2,40,10,"Node.js",10,1,10,30,10,"2026-08-03T15:41:16.036327+00:00","2026-08-03T15:41:58.597037+00:00","success",16882,0.05,0,1,506437,0,0,0,0
"simple","http_s01_r01_node_c050",1,1,1,"Node.js",50,1,10,30,10,"2026-08-03T14:23:11.512885+00:00","2026-08-03T14:23:53.341600+00:00","success",15958.4,2.76,2,5,478745,0,0,0,0
"simple","http_s01_r02_node_c050",1,14,2,"Node.js",50,1,10,30,10,"2026-08-03T14:34:27.319192+00:00","2026-08-03T14:35:08.972839+00:00","success",15953.07,2.76,2,6,478563,0,0,0,0
"simple","http_s01_r03_node_c050",1,20,3,"Node.js",50,1,10,30,10,"2026-08-03T14:39:37.519970+00:00","2026-08-03T14:40:19.147231+00:00","success",15746.94,2.77,2,7,472412,0,0,0,0
"simple","http_s01_r04_node_c050",1,30,4,"Node.js",50,1,10,30,10,"2026-08-03T14:48:16.721495+00:00","2026-08-03T14:48:58.354751+00:00","success",15065.34,2.95,3,6,451936,0,0,0,0
"simple","http_s01_r05_node_c050",1,40,5,"Node.js",50,1,10,30,10,"2026-08-03T14:56:53.386571+00:00","2026-08-03T14:57:35.023174+00:00","success",15573.2,2.86,2,6,467195,0,0,0,0
"simple","http_s02_r06_node_c050",2,9,6,"Node.js",50,1,10,30,10,"2026-08-03T15:14:28.806428+00:00","2026-08-03T15:15:10.408075+00:00","success",15928,2.77,2,6,477834,0,0,0,0
"simple","http_s02_r07_node_c050",2,11,7,"Node.js",50,1,10,30,10,"2026-08-03T15:16:12.044275+00:00","2026-08-03T15:16:53.658806+00:00","success",16338.4,2.69,2,5,490190,0,0,0,0
"simple","http_s02_r08_node_c050",2,26,8,"Node.js",50,1,10,30,10,"2026-08-03T15:29:07.808519+00:00","2026-08-03T15:29:49.416681+00:00","success",16654.14,2.62,2,5,499644,0,0,0,0
"simple","http_s02_r09_node_c050",2,35,9,"Node.js",50,1,10,30,10,"2026-08-03T15:36:54.758098+00:00","2026-08-03T15:37:36.427715+00:00","success",16064.67,2.75,2,5,481906,0,0,0,0
"simple","http_s02_r10_node_c050",2,37,10,"Node.js",50,1,10,30,10,"2026-08-03T15:38:39.047232+00:00","2026-08-03T15:39:21.693597+00:00","success",16972.27,2.53,2,5,509134,0,0,0,0
"simple","http_s01_r01_node_c100",1,8,1,"Node.js",100,1,10,30,10,"2026-08-03T14:29:15.450097+00:00","2026-08-03T14:29:57.099668+00:00","success",14983.87,6.11,6,13,449516,0,0,0,0
"simple","http_s01_r02_node_c100",1,17,2,"Node.js",100,1,10,30,10,"2026-08-03T14:37:02.333452+00:00","2026-08-03T14:37:44.232344+00:00","success",15165.6,6.02,5,13,454948,0,0,0,0
"simple","http_s01_r03_node_c100",1,24,3,"Node.js",100,1,10,30,10,"2026-08-03T14:43:04.513155+00:00","2026-08-03T14:43:47.961032+00:00","success",15156.14,6.04,5,15,454656,0,0,0,0
"simple","http_s01_r04_node_c100",1,33,4,"Node.js",100,1,10,30,10,"2026-08-03T14:50:51.751748+00:00","2026-08-03T14:51:33.428873+00:00","success",15336.27,5.95,5,12,460056,0,0,0,0
"simple","http_s01_r05_node_c100",1,42,5,"Node.js",100,1,10,30,10,"2026-08-03T14:58:36.706526+00:00","2026-08-03T14:59:18.357215+00:00","success",15792.94,5.76,5,13,473771,0,0,0,0
"simple","http_s02_r06_node_c100",2,3,6,"Node.js",100,1,10,30,10,"2026-08-03T15:09:16.994509+00:00","2026-08-03T15:09:58.778076+00:00","success",16009.87,5.68,5,12,480286,0,0,0,0
"simple","http_s02_r07_node_c100",2,16,7,"Node.js",100,1,10,30,10,"2026-08-03T15:20:30.282800+00:00","2026-08-03T15:21:11.942636+00:00","success",15461.07,5.91,5,14,463802,0,0,0,0
"simple","http_s02_r08_node_c100",2,25,8,"Node.js",100,1,10,30,10,"2026-08-03T15:28:16.116451+00:00","2026-08-03T15:28:57.794338+00:00","success",15868,5.75,5,12,475998,0,0,0,0
"simple","http_s02_r09_node_c100",2,34,9,"Node.js",100,1,10,30,10,"2026-08-03T15:36:02.944178+00:00","2026-08-03T15:36:44.656274+00:00","success",15582.54,5.87,5,12,467457,0,0,0,0
"simple","http_s02_r10_node_c100",2,45,10,"Node.js",100,1,10,30,10,"2026-08-03T15:45:35.251535+00:00","2026-08-03T15:46:17.173000+00:00","success",11643.34,8.13,8,21,349308,0,0,0,0
"simple","http_s01_r01_bun_c010",1,9,1,"Bun",10,1,10,30,10,"2026-08-03T14:30:07.112153+00:00","2026-08-03T14:30:49.672509+00:00","success",17684.14,0.12,0,3,530525,0,0,0,0
"simple","http_s01_r02_bun_c010",1,13,2,"Bun",10,1,10,30,10,"2026-08-03T14:33:34.757793+00:00","2026-08-03T14:34:17.307428+00:00","success",16671.87,0.15,0,3,500129,0,0,0,0
"simple","http_s01_r03_bun_c010",1,25,3,"Bun",10,1,10,30,10,"2026-08-03T14:43:57.979827+00:00","2026-08-03T14:44:39.518827+00:00","success",17784.67,0.12,0,3,533521,0,0,0,0
"simple","http_s01_r04_bun_c010",1,32,4,"Bun",10,1,10,30,10,"2026-08-03T14:50:00.182264+00:00","2026-08-03T14:50:41.739902+00:00","success",17901.47,0.12,0,3,537043,0,0,0,0
"simple","http_s01_r05_bun_c010",1,37,5,"Bun",10,1,10,30,10,"2026-08-03T14:54:18.372313+00:00","2026-08-03T14:54:59.945821+00:00","success",18265.2,0.12,0,3,547955,0,0,0,0
"simple","http_s02_r06_bun_c010",2,5,6,"Bun",10,1,10,30,10,"2026-08-03T15:11:00.394725+00:00","2026-08-03T15:11:41.954036+00:00","success",18420.67,0.11,0,3,552583,0,0,0,0
"simple","http_s02_r07_bun_c010",2,14,7,"Bun",10,1,10,30,10,"2026-08-03T15:18:46.985620+00:00","2026-08-03T15:19:28.573481+00:00","success",18841.47,0.11,0,3,565222,0,0,0,0
"simple","http_s02_r08_bun_c010",2,21,8,"Bun",10,1,10,30,10,"2026-08-03T15:24:49.702699+00:00","2026-08-03T15:25:31.283521+00:00","success",18580.94,0.11,0,3,557433,0,0,0,0
"simple","http_s02_r09_bun_c010",2,31,9,"Bun",10,1,10,30,10,"2026-08-03T15:33:27.031730+00:00","2026-08-03T15:34:09.576306+00:00","success",18331.87,0.11,0,3,549929,0,0,0,0
"simple","http_s02_r10_bun_c010",2,41,10,"Bun",10,1,10,30,10,"2026-08-03T15:42:08.615457+00:00","2026-08-03T15:42:50.211762+00:00","success",18013.34,0.12,0,3,540363,0,0,0,0
"simple","http_s01_r01_bun_c050",1,5,1,"Bun",50,1,10,30,10,"2026-08-03T14:26:39.349915+00:00","2026-08-03T14:27:20.973675+00:00","success",18796.41,2.15,2,6,563840,0,0,0,0
"simple","http_s01_r02_bun_c050",1,12,2,"Bun",50,1,10,30,10,"2026-08-03T14:32:42.932235+00:00","2026-08-03T14:33:24.744011+00:00","success",18428.14,2.23,2,5,552853,0,0,0,0
"simple","http_s01_r03_bun_c050",1,26,3,"Bun",50,1,10,30,10,"2026-08-03T14:44:49.533051+00:00","2026-08-03T14:45:31.412799+00:00","success",18675.41,2.18,2,6,560232,0,0,0,0
"simple","http_s01_r04_bun_c050",1,28,4,"Bun",50,1,10,30,10,"2026-08-03T14:46:33.398280+00:00","2026-08-03T14:47:15.045643+00:00","success",18818.27,2.14,2,6,564572,0,0,0,0
"simple","http_s01_r05_bun_c050",1,41,5,"Bun",50,1,10,30,10,"2026-08-03T14:57:45.038865+00:00","2026-08-03T14:58:26.689446+00:00","success",19052.41,2.1,2,6,571556,0,0,0,0
"simple","http_s02_r06_bun_c050",2,4,6,"Bun",50,1,10,30,10,"2026-08-03T15:10:08.793434+00:00","2026-08-03T15:10:50.380378+00:00","success",19724.67,2.03,2,5,591735,0,0,0,0
"simple","http_s02_r07_bun_c050",2,10,7,"Bun",50,1,10,30,10,"2026-08-03T15:15:20.424937+00:00","2026-08-03T15:16:02.033417+00:00","success",20018.27,1.99,2,5,600536,0,0,0,0
"simple","http_s02_r08_bun_c050",2,22,8,"Bun",50,1,10,30,10,"2026-08-03T15:25:41.301605+00:00","2026-08-03T15:26:22.897738+00:00","success",19672.67,2.04,2,5,590140,0,0,0,0
"simple","http_s02_r09_bun_c050",2,32,9,"Bun",50,1,10,30,10,"2026-08-03T15:34:19.593553+00:00","2026-08-03T15:35:01.229865+00:00","success",19731.87,2.03,2,5,591965,0,0,0,0
"simple","http_s02_r10_bun_c050",2,44,10,"Bun",50,1,10,30,10,"2026-08-03T15:44:43.597399+00:00","2026-08-03T15:45:25.234787+00:00","success",19647.87,2.04,2,5,589411,0,0,0,0
"simple","http_s01_r01_bun_c100",1,7,1,"Bun",100,1,10,30,10,"2026-08-03T14:28:23.533921+00:00","2026-08-03T14:29:05.440179+00:00","success",18003.34,5.08,5,10,540047,0,0,0,0
"simple","http_s01_r02_bun_c100",1,15,2,"Bun",100,1,10,30,10,"2026-08-03T14:35:18.987493+00:00","2026-08-03T14:36:00.733432+00:00","success",17058.94,5.38,5,12,511790,0,0,0,0
"simple","http_s01_r03_bun_c100",1,27,3,"Bun",100,1,10,30,10,"2026-08-03T14:45:41.426230+00:00","2026-08-03T14:46:23.382739+00:00","success",15794.8,5.85,5,17,473851,0,0,0,0
"simple","http_s01_r04_bun_c100",1,35,4,"Bun",100,1,10,30,10,"2026-08-03T14:52:35.039736+00:00","2026-08-03T14:53:16.789465+00:00","success",17622.27,5.18,5,10,528671,0,0,0,0
"simple","http_s01_r05_bun_c100",1,38,5,"Bun",100,1,10,30,10,"2026-08-03T14:55:09.968128+00:00","2026-08-03T14:55:51.706655+00:00","success",17689.74,5.16,5,10,530695,0,0,0,0
"simple","http_s02_r06_bun_c100",2,2,6,"Bun",100,1,10,30,10,"2026-08-03T15:08:25.292581+00:00","2026-08-03T15:09:06.982937+00:00","success",17937.6,5.08,5,11,538127,0,0,0,0
"simple","http_s02_r07_bun_c100",2,18,7,"Bun",100,1,10,30,10,"2026-08-03T15:22:14.523473+00:00","2026-08-03T15:22:56.216836+00:00","success",17694.54,5.16,5,10,530811,0,0,0,0
"simple","http_s02_r08_bun_c100",2,19,8,"Bun",100,1,10,30,10,"2026-08-03T15:23:06.233798+00:00","2026-08-03T15:23:47.913823+00:00","success",17838.8,5.12,5,10,535190,0,0,0,0
"simple","http_s02_r09_bun_c100",2,33,9,"Bun",100,1,10,30,10,"2026-08-03T15:35:11.249094+00:00","2026-08-03T15:35:52.930039+00:00","success",18344.94,4.97,5,10,550347,0,0,0,0
"simple","http_s02_r10_bun_c100",2,42,10,"Bun",100,1,10,30,10,"2026-08-03T15:43:00.227722+00:00","2026-08-03T15:43:41.921401+00:00","success",18437.2,4.94,5,10,553118,0,0,0,0
"simple","http_s01_r01_deno_c010",1,6,1,"Deno",10,1,10,30,10,"2026-08-03T14:27:30.985947+00:00","2026-08-03T14:28:13.519535+00:00","success",18875.34,0.04,0,1,566249,0,0,0,0
"simple","http_s01_r02_deno_c010",1,16,2,"Deno",10,1,10,30,10,"2026-08-03T14:36:10.746211+00:00","2026-08-03T14:36:52.323783+00:00","success",18576.94,0.04,0,1,557283,0,0,0,0
"simple","http_s01_r03_deno_c010",1,19,3,"Deno",10,1,10,30,10,"2026-08-03T14:38:45.945404+00:00","2026-08-03T14:39:27.509490+00:00","success",19204.94,0.04,0,1,576115,0,0,0,0
"simple","http_s01_r04_deno_c010",1,34,4,"Deno",10,1,10,30,10,"2026-08-03T14:51:43.444607+00:00","2026-08-03T14:52:25.026176+00:00","success",21804.67,0.03,0,1,654096,0,0,0,0
"simple","http_s01_r05_deno_c010",1,43,5,"Deno",10,1,10,30,10,"2026-08-03T14:59:28.370783+00:00","2026-08-03T15:00:09.990612+00:00","success",20957.87,0.03,0,1,628733,0,0,0,0
"simple","http_s02_r06_deno_c010",2,8,6,"Deno",10,1,10,30,10,"2026-08-03T15:13:36.176197+00:00","2026-08-03T15:14:18.793263+00:00","success",22197.87,0.03,0,1,665878,0,0,0,0
"simple","http_s02_r07_deno_c010",2,12,7,"Deno",10,1,10,30,10,"2026-08-03T15:17:03.675000+00:00","2026-08-03T15:17:45.210425+00:00","success",19300.67,0.03,0,1,578986,0,0,0,0
"simple","http_s02_r08_deno_c010",2,23,8,"Deno",10,1,10,30,10,"2026-08-03T15:26:32.915560+00:00","2026-08-03T15:27:14.461995+00:00","success",22207.34,0.03,0,1,666236,0,0,0,0
"simple","http_s02_r09_deno_c010",2,30,9,"Deno",10,1,10,30,10,"2026-08-03T15:32:34.485768+00:00","2026-08-03T15:33:17.015095+00:00","success",19304.94,0.03,0,1,579120,0,0,0,0
"simple","http_s02_r10_deno_c010",2,39,10,"Deno",10,1,10,30,10,"2026-08-03T15:40:23.517002+00:00","2026-08-03T15:41:06.019331+00:00","success",17969.67,0.05,0,1,539045,0,0,0,0
"simple","http_s01_r01_deno_c050",1,4,1,"Deno",50,1,10,30,10,"2026-08-03T14:25:47.694733+00:00","2026-08-03T14:26:29.337569+00:00","success",17838.67,2.32,2,5,535142,0,0,0,0
"simple","http_s01_r02_deno_c050",1,10,2,"Deno",50,1,10,30,10,"2026-08-03T14:30:59.685266+00:00","2026-08-03T14:31:41.344860+00:00","success",20639.87,1.92,2,5,619223,0,0,0,0
"simple","http_s01_r03_deno_c050",1,22,3,"Deno",50,1,10,30,10,"2026-08-03T14:41:21.063702+00:00","2026-08-03T14:42:02.718256+00:00","success",18703.07,2.13,2,5,561095,0,0,0,0
"simple","http_s01_r04_deno_c050",1,29,4,"Deno",50,1,10,30,10,"2026-08-03T14:47:25.060058+00:00","2026-08-03T14:48:06.710804+00:00","success",18072,2.24,2,5,542132,0,0,0,0
"simple","http_s01_r05_deno_c050",1,39,5,"Deno",50,1,10,30,10,"2026-08-03T14:56:01.719453+00:00","2026-08-03T14:56:43.374354+00:00","success",18381.47,2.17,2,5,551433,0,0,0,0
"simple","http_s02_r06_deno_c050",2,6,6,"Deno",50,1,10,30,10,"2026-08-03T15:11:51.967969+00:00","2026-08-03T15:12:33.587332+00:00","success",21345.47,1.83,2,5,640332,0,0,0,0
"simple","http_s02_r07_deno_c050",2,15,7,"Deno",50,1,10,30,10,"2026-08-03T15:19:38.587066+00:00","2026-08-03T15:20:20.268381+00:00","success",18713.74,2.13,2,5,561389,0,0,0,0
"simple","http_s02_r08_deno_c050",2,24,8,"Deno",50,1,10,30,10,"2026-08-03T15:27:24.476176+00:00","2026-08-03T15:28:06.098105+00:00","success",18612.14,2.15,2,5,558330,0,0,0,0
"simple","http_s02_r09_deno_c050",2,29,9,"Deno",50,1,10,30,10,"2026-08-03T15:31:42.750496+00:00","2026-08-03T15:32:24.469071+00:00","success",18918.54,2.13,2,5,567570,0,0,0,0
"simple","http_s02_r10_deno_c050",2,43,10,"Deno",50,1,10,30,10,"2026-08-03T15:43:51.936778+00:00","2026-08-03T15:44:33.578029+00:00","success",18963.87,2.09,2,5,568894,0,0,0,0
"simple","http_s01_r01_deno_c100",1,2,1,"Deno",100,1,10,30,10,"2026-08-03T14:24:03.353843+00:00","2026-08-03T14:24:45.099678+00:00","success",17740.67,5.19,5,10,532204,0,0,0,0
"simple","http_s01_r02_deno_c100",1,18,2,"Deno",100,1,10,30,10,"2026-08-03T14:37:54.246222+00:00","2026-08-03T14:38:35.932517+00:00","success",20878.54,4.37,4,9,626381,0,0,0,0
"simple","http_s01_r03_deno_c100",1,21,3,"Deno",100,1,10,30,10,"2026-08-03T14:40:29.161091+00:00","2026-08-03T14:41:10.983533+00:00","success",18117.2,5.08,4,10,543540,0,0,0,0
"simple","http_s01_r04_deno_c100",1,31,4,"Deno",100,1,10,30,10,"2026-08-03T14:49:08.373319+00:00","2026-08-03T14:49:50.169077+00:00","success",17878.8,5.14,5,11,536329,0,0,0,0
"simple","http_s01_r05_deno_c100",1,45,5,"Deno",100,1,10,30,10,"2026-08-03T15:01:11.580176+00:00","2026-08-03T15:01:53.282285+00:00","success",20411.07,4.5,4,9,612299,0,0,0,0
"simple","http_s02_r06_deno_c100",2,1,6,"Deno",100,1,10,30,10,"2026-08-03T15:07:33.400715+00:00","2026-08-03T15:08:15.275527+00:00","success",20737.2,4.4,4,9,622113,0,0,0,0
"simple","http_s02_r07_deno_c100",2,13,7,"Deno",100,1,10,30,10,"2026-08-03T15:17:55.229332+00:00","2026-08-03T15:18:36.968950+00:00","success",17915.87,5.14,5,10,537481,0,0,0,0
"simple","http_s02_r08_deno_c100",2,20,8,"Deno",100,1,10,30,10,"2026-08-03T15:23:57.931018+00:00","2026-08-03T15:24:39.688397+00:00","success",17844.67,5.17,4,13,535309,0,0,0,0
"simple","http_s02_r09_deno_c100",2,28,9,"Deno",100,1,10,30,10,"2026-08-03T15:30:51.018760+00:00","2026-08-03T15:31:32.735559+00:00","success",19903.34,4.62,4,10,597049,0,0,0,0
"simple","http_s02_r10_deno_c100",2,38,10,"Deno",100,1,10,30,10,"2026-08-03T15:39:31.710803+00:00","2026-08-03T15:40:13.498097+00:00","success",18671.87,4.89,4,10,560111,0,0,0,0
"complex","http_complex_s01_r01_node_c010",1,3,1,"Node.js",10,1,10,30,10,"2026-08-03T17:01:53.033831+00:00","2026-08-03T17:02:34.653192+00:00","success",12353.4,0.19,0,1,370579,0,0,0,0
"complex","http_complex_s01_r02_node_c010",1,11,2,"Node.js",10,1,10,30,10,"2026-08-03T17:08:46.173264+00:00","2026-08-03T17:09:28.771347+00:00","success",12227.14,0.2,0,2,366786,0,0,0,0
"complex","http_complex_s01_r03_node_c010",1,23,3,"Node.js",10,1,10,30,10,"2026-08-03T17:19:09.365076+00:00","2026-08-03T17:19:51.944060+00:00","success",12846.6,0.17,0,1,385385,0,0,0,0
"complex","http_complex_s01_r04_node_c010",1,36,4,"Node.js",10,1,10,30,10,"2026-08-03T17:30:25.887225+00:00","2026-08-03T17:31:07.499023+00:00","success",12316.6,0.2,0,1,369470,0,0,0,0
"complex","http_complex_s01_r05_node_c010",1,44,5,"Node.js",10,1,10,30,10,"2026-08-03T17:37:22.161340+00:00","2026-08-03T17:38:04.791325+00:00","success",12902.47,0.14,0,1,387067,0,0,0,0
"complex","http_complex_s02_r06_node_c010",2,7,6,"Node.js",10,1,10,30,10,"2026-08-03T17:44:39.209757+00:00","2026-08-03T17:45:21.841035+00:00","success",12313,0.2,0,1,369373,0,0,0,0
"complex","http_complex_s02_r07_node_c010",2,17,7,"Node.js",10,1,10,30,10,"2026-08-03T17:53:18.710961+00:00","2026-08-03T17:54:00.294282+00:00","success",12197.74,0.2,0,1,365910,0,0,0,0
"complex","http_complex_s02_r08_node_c010",2,27,8,"Node.js",10,1,10,30,10,"2026-08-03T18:01:55.226782+00:00","2026-08-03T18:02:36.828080+00:00","success",12326.87,0.2,0,1,369793,0,0,0,0
"complex","http_complex_s02_r09_node_c010",2,36,9,"Node.js",10,1,10,30,10,"2026-08-03T18:09:40.996393+00:00","2026-08-03T18:10:22.588204+00:00","success",12511.54,0.18,0,1,375331,0,0,0,0
"complex","http_complex_s02_r10_node_c010",2,40,10,"Node.js",10,1,10,30,10,"2026-08-03T18:13:08.532564+00:00","2026-08-03T18:13:50.117948+00:00","success",12719.4,0.16,0,1,381543,0,0,0,0
"complex","http_complex_s01_r01_node_c050",1,1,1,"Node.js",50,1,10,30,10,"2026-08-03T17:00:08.853396+00:00","2026-08-03T17:00:50.656751+00:00","success",11854.74,3.68,3,9,355617,0,0,0,0
"complex","http_complex_s01_r02_node_c050",1,14,2,"Node.js",50,1,10,30,10,"2026-08-03T17:11:22.252836+00:00","2026-08-03T17:12:03.882139+00:00","success",12008.07,3.65,3,8,360231,0,0,0,0
"complex","http_complex_s01_r03_node_c050",1,20,3,"Node.js",50,1,10,30,10,"2026-08-03T17:16:32.429433+00:00","2026-08-03T17:17:15.054178+00:00","success",11692.87,3.77,3,9,350788,0,0,0,0
"complex","http_complex_s01_r04_node_c050",1,30,4,"Node.js",50,1,10,30,10,"2026-08-03T17:25:11.895890+00:00","2026-08-03T17:25:54.564961+00:00","success",11764.34,3.77,3,9,352921,0,0,0,0
"complex","http_complex_s01_r05_node_c050",1,40,5,"Node.js",50,1,10,30,10,"2026-08-03T17:33:53.496344+00:00","2026-08-03T17:34:35.262654+00:00","success",11863.8,3.66,3,8,355911,0,0,0,0
"complex","http_complex_s02_r06_node_c050",2,9,6,"Node.js",50,1,10,30,10,"2026-08-03T17:46:24.444024+00:00","2026-08-03T17:47:06.066034+00:00","success",11521.14,3.83,3,8,345613,0,0,0,0
"complex","http_complex_s02_r07_node_c050",2,11,7,"Node.js",50,1,10,30,10,"2026-08-03T17:48:07.699365+00:00","2026-08-03T17:48:50.346719+00:00","success",11805.67,3.76,3,9,354159,0,0,0,0
"complex","http_complex_s02_r08_node_c050",2,26,8,"Node.js",50,1,10,30,10,"2026-08-03T18:01:03.577421+00:00","2026-08-03T18:01:45.218456+00:00","success",11284.2,3.92,3,8,338499,0,0,0,0
"complex","http_complex_s02_r09_node_c050",2,35,9,"Node.js",50,1,10,30,10,"2026-08-03T18:08:49.349427+00:00","2026-08-03T18:09:30.986289+00:00","success",11395,3.82,3,8,341822,0,0,0,0
"complex","http_complex_s02_r10_node_c050",2,37,10,"Node.js",50,1,10,30,10,"2026-08-03T18:10:32.597225+00:00","2026-08-03T18:11:14.230013+00:00","success",11773.8,3.73,3,8,353205,0,0,0,0
"complex","http_complex_s01_r01_node_c100",1,8,1,"Node.js",100,1,10,30,10,"2026-08-03T17:06:11.273421+00:00","2026-08-03T17:06:52.955856+00:00","success",11421.8,8.28,7,17,342642,0,0,0,0
"complex","http_complex_s01_r02_node_c100",1,17,2,"Node.js",100,1,10,30,10,"2026-08-03T17:13:57.447660+00:00","2026-08-03T17:14:39.103981+00:00","success",11362.6,8.34,8,16,340855,0,0,0,0
"complex","http_complex_s01_r03_node_c100",1,24,3,"Node.js",100,1,10,30,10,"2026-08-03T17:20:01.949447+00:00","2026-08-03T17:20:43.657711+00:00","success",11729.8,8.05,7,17,351867,0,0,0,0
"complex","http_complex_s01_r04_node_c100",1,33,4,"Node.js",100,1,10,30,10,"2026-08-03T17:27:48.934671+00:00","2026-08-03T17:28:31.616474+00:00","success",11476.87,8.23,7,17,344293,0,0,0,0
"complex","http_complex_s01_r05_node_c100",1,42,5,"Node.js",100,1,10,30,10,"2026-08-03T17:35:36.895172+00:00","2026-08-03T17:36:19.568599+00:00","success",11796.87,8.01,7,18,353876,0,0,0,0
"complex","http_complex_s02_r06_node_c100",2,3,6,"Node.js",100,1,10,30,10,"2026-08-03T17:41:11.691848+00:00","2026-08-03T17:41:54.328489+00:00","success",11767.14,7.99,7,16,353020,0,0,0,0
"complex","http_complex_s02_r07_node_c100",2,16,7,"Node.js",100,1,10,30,10,"2026-08-03T17:52:27.043379+00:00","2026-08-03T17:53:08.704424+00:00","success",11471.27,8.26,8,17,344113,0,0,0,0
"complex","http_complex_s02_r08_node_c100",2,25,8,"Node.js",100,1,10,30,10,"2026-08-03T18:00:11.832766+00:00","2026-08-03T18:00:53.569163+00:00","success",11132.47,8.51,8,22,333974,0,0,0,0
"complex","http_complex_s02_r09_node_c100",2,34,9,"Node.js",100,1,10,30,10,"2026-08-03T18:07:57.698799+00:00","2026-08-03T18:08:39.338944+00:00","success",11710.74,8.06,7,18,351299,0,0,0,0
"complex","http_complex_s02_r10_node_c100",2,45,10,"Node.js",100,1,10,30,10,"2026-08-03T18:17:26.729335+00:00","2026-08-03T18:18:08.389329+00:00","success",11595.8,8.15,7,16,347832,0,0,0,0
"complex","http_complex_s01_r01_bun_c010",1,9,1,"Bun",10,1,10,30,10,"2026-08-03T17:07:02.960191+00:00","2026-08-03T17:07:44.548437+00:00","success",15471.2,0.16,0,3,464118,0,0,0,0
"complex","http_complex_s01_r02_bun_c010",1,13,2,"Bun",10,1,10,30,10,"2026-08-03T17:10:30.440605+00:00","2026-08-03T17:11:12.248930+00:00","success",14749.87,0.17,0,4,442469,0,0,0,0
"complex","http_complex_s01_r03_bun_c010",1,25,3,"Bun",10,1,10,30,10,"2026-08-03T17:20:53.664442+00:00","2026-08-03T17:21:35.249713+00:00","success",15229.87,0.16,0,3,456884,0,0,0,0
"complex","http_complex_s01_r04_bun_c010",1,32,4,"Bun",10,1,10,30,10,"2026-08-03T17:26:56.255109+00:00","2026-08-03T17:27:38.929310+00:00","success",14858.14,0.17,0,3,445730,0,0,0,0
"complex","http_complex_s01_r05_bun_c010",1,37,5,"Bun",10,1,10,30,10,"2026-08-03T17:31:17.505013+00:00","2026-08-03T17:31:59.144708+00:00","success",15305.74,0.15,0,3,459138,0,0,0,0
"complex","http_complex_s02_r06_bun_c010",2,5,6,"Bun",10,1,10,30,10,"2026-08-03T17:42:55.977608+00:00","2026-08-03T17:43:37.598862+00:00","success",14676.54,0.18,0,4,440278,0,0,0,0
"complex","http_complex_s02_r07_bun_c010",2,14,7,"Bun",10,1,10,30,10,"2026-08-03T17:50:43.626210+00:00","2026-08-03T17:51:25.383464+00:00","success",14371,0.19,0,4,431133,0,0,0,0
"complex","http_complex_s02_r08_bun_c010",2,21,8,"Bun",10,1,10,30,10,"2026-08-03T17:56:45.344284+00:00","2026-08-03T17:57:26.927617+00:00","success",15642,0.15,0,3,469237,0,0,0,0
"complex","http_complex_s02_r09_bun_c010",2,31,9,"Bun",10,1,10,30,10,"2026-08-03T18:05:21.769464+00:00","2026-08-03T18:06:03.378362+00:00","success",14776.27,0.17,0,3,443284,0,0,0,0
"complex","http_complex_s02_r10_bun_c010",2,41,10,"Bun",10,1,10,30,10,"2026-08-03T18:14:00.126852+00:00","2026-08-03T18:14:41.721948+00:00","success",15421.74,0.15,0,3,462625,0,0,0,0
"complex","http_complex_s01_r01_bun_c050",1,5,1,"Bun",50,1,10,30,10,"2026-08-03T17:03:36.305885+00:00","2026-08-03T17:04:18.000533+00:00","success",14421.67,3.09,2,8,432642,0,0,0,0
"complex","http_complex_s01_r02_bun_c050",1,12,2,"Bun",50,1,10,30,10,"2026-08-03T17:09:38.776695+00:00","2026-08-03T17:10:20.436056+00:00","success",14912,2.97,2,8,447357,0,0,0,0
"complex","http_complex_s01_r03_bun_c050",1,26,3,"Bun",50,1,10,30,10,"2026-08-03T17:21:45.256028+00:00","2026-08-03T17:22:26.931037+00:00","success",14634.94,3.03,2,8,439057,0,0,0,0
"complex","http_complex_s01_r04_bun_c050",1,28,4,"Bun",50,1,10,30,10,"2026-08-03T17:23:28.618248+00:00","2026-08-03T17:24:10.250312+00:00","success",14814.47,3,2,8,444443,0,0,0,0
"complex","http_complex_s01_r05_bun_c050",1,41,5,"Bun",50,1,10,30,10,"2026-08-03T17:34:45.270907+00:00","2026-08-03T17:35:26.888447+00:00","success",14930.4,2.97,2,8,447900,0,0,0,0
"complex","http_complex_s02_r06_bun_c050",2,4,6,"Bun",50,1,10,30,10,"2026-08-03T17:42:04.336447+00:00","2026-08-03T17:42:45.968647+00:00","success",14714.67,3,2,8,441426,0,0,0,0
"complex","http_complex_s02_r07_bun_c050",2,10,7,"Bun",50,1,10,30,10,"2026-08-03T17:47:16.073252+00:00","2026-08-03T17:47:57.689995+00:00","success",14882.4,2.97,2,8,446460,0,0,0,0
"complex","http_complex_s02_r08_bun_c050",2,22,8,"Bun",50,1,10,30,10,"2026-08-03T17:57:36.935427+00:00","2026-08-03T17:58:18.578133+00:00","success",15212.8,2.91,2,7,456394,0,0,0,0
"complex","http_complex_s02_r09_bun_c050",2,32,9,"Bun",50,1,10,30,10,"2026-08-03T18:06:13.386610+00:00","2026-08-03T18:06:56.001649+00:00","success",14956.34,2.96,2,7,448678,0,0,0,0
"complex","http_complex_s02_r10_bun_c050",2,44,10,"Bun",50,1,10,30,10,"2026-08-03T18:16:35.091081+00:00","2026-08-03T18:17:16.718677+00:00","success",15095.74,2.94,2,8,452858,0,0,0,0
"complex","http_complex_s01_r01_bun_c100",1,7,1,"Bun",100,1,10,30,10,"2026-08-03T17:05:19.599707+00:00","2026-08-03T17:06:01.269083+00:00","success",14719.47,6.31,6,14,441556,0,0,0,0
"complex","http_complex_s01_r02_bun_c100",1,15,2,"Bun",100,1,10,30,10,"2026-08-03T17:12:13.886730+00:00","2026-08-03T17:12:55.592168+00:00","success",14751.74,6.28,6,15,442525,0,0,0,0
"complex","http_complex_s01_r03_bun_c100",1,27,3,"Bun",100,1,10,30,10,"2026-08-03T17:22:36.937432+00:00","2026-08-03T17:23:18.612259+00:00","success",14911.2,6.22,6,13,447348,0,0,0,0
"complex","http_complex_s01_r04_bun_c100",1,35,4,"Bun",100,1,10,30,10,"2026-08-03T17:29:34.234353+00:00","2026-08-03T17:30:15.882129+00:00","success",14877.34,6.25,6,13,446314,0,0,0,0
"complex","http_complex_s01_r05_bun_c100",1,38,5,"Bun",100,1,10,30,10,"2026-08-03T17:32:09.149674+00:00","2026-08-03T17:32:50.833453+00:00","success",15116,6.14,5,14,453454,0,0,0,0
"complex","http_complex_s02_r06_bun_c100",2,2,6,"Bun",100,1,10,30,10,"2026-08-03T17:40:18.989608+00:00","2026-08-03T17:41:01.640514+00:00","success",15242.14,6.09,5,13,457249,0,0,0,0
"complex","http_complex_s02_r07_bun_c100",2,18,7,"Bun",100,1,10,30,10,"2026-08-03T17:54:10.304880+00:00","2026-08-03T17:54:51.971327+00:00","success",15129.07,6.14,6,13,453869,0,0,0,0
"complex","http_complex_s02_r08_bun_c100",2,19,8,"Bun",100,1,10,30,10,"2026-08-03T17:55:01.977549+00:00","2026-08-03T17:55:43.651141+00:00","success",14645.6,6.35,6,13,439332,0,0,0,0
"complex","http_complex_s02_r09_bun_c100",2,33,9,"Bun",100,1,10,30,10,"2026-08-03T18:07:06.009275+00:00","2026-08-03T18:07:47.689483+00:00","success",14961.87,6.21,6,13,448831,0,0,0,0
"complex","http_complex_s02_r10_bun_c100",2,42,10,"Bun",100,1,10,30,10,"2026-08-03T18:14:51.733977+00:00","2026-08-03T18:15:33.435263+00:00","success",15539.74,5.97,5,13,466181,0,0,0,0
"complex","http_complex_s01_r01_deno_c010",1,6,1,"Deno",10,1,10,30,10,"2026-08-03T17:04:28.005282+00:00","2026-08-03T17:05:09.596129+00:00","success",17996.94,0.07,0,1,539886,0,0,0,0
"complex","http_complex_s01_r02_deno_c010",1,16,2,"Deno",10,1,10,30,10,"2026-08-03T17:13:05.597892+00:00","2026-08-03T17:13:47.442688+00:00","success",18280.94,0.07,0,1,548411,0,0,0,0
"complex","http_complex_s01_r03_deno_c010",1,19,3,"Deno",10,1,10,30,10,"2026-08-03T17:15:40.781731+00:00","2026-08-03T17:16:22.422037+00:00","success",17863.6,0.07,0,1,535890,0,0,0,0
"complex","http_complex_s01_r04_deno_c010",1,34,4,"Deno",10,1,10,30,10,"2026-08-03T17:28:41.624821+00:00","2026-08-03T17:29:24.228342+00:00","success",18107.87,0.07,0,1,543256,0,0,0,0
"complex","http_complex_s01_r05_deno_c010",1,43,5,"Deno",10,1,10,30,10,"2026-08-03T17:36:29.575311+00:00","2026-08-03T17:37:12.153370+00:00","success",18189.34,0.07,0,1,545663,0,0,0,0
"complex","http_complex_s02_r06_deno_c010",2,8,6,"Deno",10,1,10,30,10,"2026-08-03T17:45:31.847779+00:00","2026-08-03T17:46:14.437630+00:00","success",17496.41,0.09,0,1,524895,0,0,0,0
"complex","http_complex_s02_r07_deno_c010",2,12,7,"Deno",10,1,10,30,10,"2026-08-03T17:49:00.355205+00:00","2026-08-03T17:49:41.933996+00:00","success",18268.94,0.07,0,1,547997,0,0,0,0
"complex","http_complex_s02_r08_deno_c010",2,23,8,"Deno",10,1,10,30,10,"2026-08-03T17:58:28.586046+00:00","2026-08-03T17:59:10.147697+00:00","success",18310.27,0.06,0,1,549292,0,0,0,0
"complex","http_complex_s02_r09_deno_c010",2,30,9,"Deno",10,1,10,30,10,"2026-08-03T18:04:30.167735+00:00","2026-08-03T18:05:11.762698+00:00","success",18235.6,0.07,0,1,547076,0,0,0,0
"complex","http_complex_s02_r10_deno_c010",2,39,10,"Deno",10,1,10,30,10,"2026-08-03T18:12:15.956796+00:00","2026-08-03T18:12:58.522366+00:00","success",18970.8,0.05,0,1,569162,0,0,0,0
"complex","http_complex_s01_r01_deno_c050",1,4,1,"Deno",50,1,10,30,10,"2026-08-03T17:02:44.656828+00:00","2026-08-03T17:03:26.302980+00:00","success",17876,2.31,2,6,536282,0,0,0,0
"complex","http_complex_s01_r02_deno_c050",1,10,2,"Deno",50,1,10,30,10,"2026-08-03T17:07:54.552474+00:00","2026-08-03T17:08:36.166878+00:00","success",18326.8,2.24,2,6,549800,0,0,0,0
"complex","http_complex_s01_r03_deno_c050",1,22,3,"Deno",50,1,10,30,10,"2026-08-03T17:18:17.730974+00:00","2026-08-03T17:18:59.359950+00:00","success",17799.34,2.33,2,6,533965,0,0,0,0
"complex","http_complex_s01_r04_deno_c050",1,29,4,"Deno",50,1,10,30,10,"2026-08-03T17:24:20.256288+00:00","2026-08-03T17:25:01.887582+00:00","success",17760.14,2.33,2,7,532809,0,0,0,0
"complex","http_complex_s01_r05_deno_c050",1,39,5,"Deno",50,1,10,30,10,"2026-08-03T17:33:00.840263+00:00","2026-08-03T17:33:43.489112+00:00","success",18918,2.15,2,6,567536,0,0,0,0
"complex","http_complex_s02_r06_deno_c050",2,6,6,"Deno",50,1,10,30,10,"2026-08-03T17:43:47.605555+00:00","2026-08-03T17:44:29.202099+00:00","success",17687.6,2.34,2,7,530651,0,0,0,0
"complex","http_complex_s02_r07_deno_c050",2,15,7,"Deno",50,1,10,30,10,"2026-08-03T17:51:35.390237+00:00","2026-08-03T17:52:17.035633+00:00","success",18111.34,2.28,2,7,543326,0,0,0,0
"complex","http_complex_s02_r08_deno_c050",2,24,8,"Deno",50,1,10,30,10,"2026-08-03T17:59:20.154162+00:00","2026-08-03T18:00:01.824500+00:00","success",17887.6,2.33,2,7,536643,0,0,0,0
"complex","http_complex_s02_r09_deno_c050",2,29,9,"Deno",50,1,10,30,10,"2026-08-03T18:03:38.533453+00:00","2026-08-03T18:04:20.158364+00:00","success",17078.07,2.44,2,7,512292,0,0,0,0
"complex","http_complex_s02_r10_deno_c050",2,43,10,"Deno",50,1,10,30,10,"2026-08-03T18:15:43.442401+00:00","2026-08-03T18:16:25.080217+00:00","success",18075.34,2.28,2,7,542283,0,0,0,0
"complex","http_complex_s01_r01_deno_c100",1,2,1,"Deno",100,1,10,30,10,"2026-08-03T17:01:00.659497+00:00","2026-08-03T17:01:43.028143+00:00","success",17049.34,5.37,4,15,511414,0,0,0,0
"complex","http_complex_s01_r02_deno_c100",1,18,2,"Deno",100,1,10,30,10,"2026-08-03T17:14:49.110647+00:00","2026-08-03T17:15:30.774276+00:00","success",16732.27,5.48,5,15,501984,0,0,0,0
"complex","http_complex_s01_r03_deno_c100",1,21,3,"Deno",100,1,10,30,10,"2026-08-03T17:17:25.060273+00:00","2026-08-03T17:18:07.723996+00:00","success",17059.07,5.37,4,15,511770,0,0,0,0
"complex","http_complex_s01_r04_deno_c100",1,31,4,"Deno",100,1,10,30,10,"2026-08-03T17:26:04.572371+00:00","2026-08-03T17:26:46.250374+00:00","success",17045.74,5.37,4,16,511358,0,0,0,0
"complex","http_complex_s01_r05_deno_c100",1,45,5,"Deno",100,1,10,30,10,"2026-08-03T17:38:14.800908+00:00","2026-08-03T17:38:57.477784+00:00","success",17159.27,5.33,4,16,514805,0,0,0,0
"complex","http_complex_s02_r06_deno_c100",2,1,6,"Deno",100,1,10,30,10,"2026-08-03T17:39:27.210788+00:00","2026-08-03T17:40:08.978499+00:00","success",17102.14,5.35,5,14,513088,0,0,0,0
"complex","http_complex_s02_r07_deno_c100",2,13,7,"Deno",100,1,10,30,10,"2026-08-03T17:49:51.941618+00:00","2026-08-03T17:50:33.619222+00:00","success",17273.87,5.29,4,15,518200,0,0,0,0
"complex","http_complex_s02_r08_deno_c100",2,20,8,"Deno",100,1,10,30,10,"2026-08-03T17:55:53.662046+00:00","2026-08-03T17:56:35.330377+00:00","success",17549.74,5.2,4,14,526486,0,0,0,0
"complex","http_complex_s02_r09_deno_c100",2,28,9,"Deno",100,1,10,30,10,"2026-08-03T18:02:46.835905+00:00","2026-08-03T18:03:28.524177+00:00","success",17054.94,5.37,4,15,511615,0,0,0,0
"complex","http_complex_s02_r10_deno_c100",2,38,10,"Deno",100,1,10,30,10,"2026-08-03T18:11:24.241409+00:00","2026-08-03T18:12:05.946717+00:00","success",16678,5.5,5,15,500313,0,0,0,0
