"run_id","session_id","sequence","repetition","runtime","shuffle_seed","started_at","finished_at","status","startup_time_ns","startup_time_ms","observed_output","program_file","stdout_log","stderr_log","error_message"
"cold_start_s01_r01_bun",1,1,1,"bun",20260805,"2026-08-04T17:46:51.649342+00:00","2026-08-04T17:46:51.893632+00:00","success",178285500,178.2855,"READY","benchmarks/cold_start/bun/startup.js","results/logs/cold_start_final/session_01/cold_start_s01_r01_bun-stdout.log","results/logs/cold_start_final/session_01/cold_start_s01_r01_bun-stderr.log",NA
"cold_start_s01_r01_node",1,2,1,"node",20260805,"2026-08-04T17:46:52.898820+00:00","2026-08-04T17:46:53.080902+00:00","success",164015500,164.0155,"READY","benchmarks/cold_start/node/startup.js","results/logs/cold_start_final/session_01/cold_start_s01_r01_node-stdout.log","results/logs/cold_start_final/session_01/cold_start_s01_r01_node-stderr.log",NA
"cold_start_s01_r01_deno",1,3,1,"deno",20260805,"2026-08-04T17:46:54.087225+00:00","2026-08-04T17:46:54.245572+00:00","success",138049000,138.049,"READY","benchmarks/cold_start/deno/startup.js","results/logs/cold_start_final/session_01/cold_start_s01_r01_deno-stdout.log","results/logs/cold_start_final/session_01/cold_start_s01_r01_deno-stderr.log",NA
"cold_start_s01_r02_node",1,4,2,"node",20260806,"2026-08-04T17:46:55.252151+00:00","2026-08-04T17:46:55.417051+00:00","success",148614900,148.6149,"READY","benchmarks/cold_start/node/startup.js","results/logs/cold_start_final/session_01/cold_start_s01_r02_node-stdout.log","results/logs/cold_start_final/session_01/cold_start_s01_r02_node-stderr.log",NA
"cold_start_s01_r02_deno",1,5,2,"deno",20260806,"2026-08-04T17:46:56.422273+00:00","2026-08-04T17:46:56.576824+00:00","success",119818900,119.8189,"READY","benchmarks/cold_start/deno/startup.js","results/logs/cold_start_final/session_01/cold_start_s01_r02_deno-stdout.log","results/logs/cold_start_final/session_01/cold_start_s01_r02_deno-stderr.log",NA
"cold_start_s01_r02_bun",1,6,2,"bun",20260806,"2026-08-04T17:46:57.582514+00:00","2026-08-04T17:46:57.879666+00:00","success",184067900,184.0679,"READY","benchmarks/cold_start/bun/startup.js","results/logs/cold_start_final/session_01/cold_start_s01_r02_bun-stdout.log","results/logs/cold_start_final/session_01/cold_start_s01_r02_bun-stderr.log",NA
"cold_start_s01_r03_deno",1,7,3,"deno",20260807,"2026-08-04T17:46:58.884694+00:00","2026-08-04T17:46:59.126236+00:00","success",136129600,136.1296,"READY","benchmarks/cold_start/deno/startup.js","results/logs/cold_start_final/session_01/cold_start_s01_r03_deno-stdout.log","results/logs/cold_start_final/session_01/cold_start_s01_r03_deno-stderr.log",NA
"cold_start_s01_r03_bun",1,8,3,"bun",20260807,"2026-08-04T17:47:00.189922+00:00","2026-08-04T17:47:00.505176+00:00","success",283001800,283.0018,"READY","benchmarks/cold_start/bun/startup.js","results/logs/cold_start_final/session_01/cold_start_s01_r03_bun-stdout.log","results/logs/cold_start_final/session_01/cold_start_s01_r03_bun-stderr.log",NA
"cold_start_s01_r03_node",1,9,3,"node",20260807,"2026-08-04T17:47:01.517676+00:00","2026-08-04T17:47:01.728621+00:00","success",190983000,190.983,"READY","benchmarks/cold_start/node/startup.js","results/logs/cold_start_final/session_01/cold_start_s01_r03_node-stdout.log","results/logs/cold_start_final/session_01/cold_start_s01_r03_node-stderr.log",NA
"cold_start_s01_r04_bun",1,10,4,"bun",20260808,"2026-08-04T17:47:02.735113+00:00","2026-08-04T17:47:02.972567+00:00","success",217945900,217.9459,"READY","benchmarks/cold_start/bun/startup.js","results/logs/cold_start_final/session_01/cold_start_s01_r04_bun-stdout.log","results/logs/cold_start_final/session_01/cold_start_s01_r04_bun-stderr.log",NA
"cold_start_s01_r04_node",1,11,4,"node",20260808,"2026-08-04T17:47:03.983714+00:00","2026-08-04T17:47:04.169082+00:00","success",165004900,165.0049,"READY","benchmarks/cold_start/node/startup.js","results/logs/cold_start_final/session_01/cold_start_s01_r04_node-stdout.log","results/logs/cold_start_final/session_01/cold_start_s01_r04_node-stderr.log",NA
"cold_start_s01_r04_deno",1,12,4,"deno",20260808,"2026-08-04T17:47:05.175965+00:00","2026-08-04T17:47:05.343591+00:00","success",142202700,142.2027,"READY","benchmarks/cold_start/deno/startup.js","results/logs/cold_start_final/session_01/cold_start_s01_r04_deno-stdout.log","results/logs/cold_start_final/session_01/cold_start_s01_r04_deno-stderr.log",NA
"cold_start_s01_r05_deno",1,13,5,"deno",20260809,"2026-08-04T17:47:06.350021+00:00","2026-08-04T17:47:06.521315+00:00","success",133116500,133.1165,"READY","benchmarks/cold_start/deno/startup.js","results/logs/cold_start_final/session_01/cold_start_s01_r05_deno-stdout.log","results/logs/cold_start_final/session_01/cold_start_s01_r05_deno-stderr.log",NA
"cold_start_s01_r05_bun",1,14,5,"bun",20260809,"2026-08-04T17:47:07.528007+00:00","2026-08-04T17:47:07.735171+00:00","success",188467500,188.4675,"READY","benchmarks/cold_start/bun/startup.js","results/logs/cold_start_final/session_01/cold_start_s01_r05_bun-stdout.log","results/logs/cold_start_final/session_01/cold_start_s01_r05_bun-stderr.log",NA
"cold_start_s01_r05_node",1,15,5,"node",20260809,"2026-08-04T17:47:08.741784+00:00","2026-08-04T17:47:08.908433+00:00","success",147825300,147.8253,"READY","benchmarks/cold_start/node/startup.js","results/logs/cold_start_final/session_01/cold_start_s01_r05_node-stdout.log","results/logs/cold_start_final/session_01/cold_start_s01_r05_node-stderr.log",NA
"cold_start_s01_r06_deno",1,16,6,"deno",20260810,"2026-08-04T17:47:09.914741+00:00","2026-08-04T17:47:10.087758+00:00","success",134900000,134.9,"READY","benchmarks/cold_start/deno/startup.js","results/logs/cold_start_final/session_01/cold_start_s01_r06_deno-stdout.log","results/logs/cold_start_final/session_01/cold_start_s01_r06_deno-stderr.log",NA
"cold_start_s01_r06_node",1,17,6,"node",20260810,"2026-08-04T17:47:11.093775+00:00","2026-08-04T17:47:11.275266+00:00","success",163382900,163.3829,"READY","benchmarks/cold_start/node/startup.js","results/logs/cold_start_final/session_01/cold_start_s01_r06_node-stdout.log","results/logs/cold_start_final/session_01/cold_start_s01_r06_node-stderr.log",NA
"cold_start_s01_r06_bun",1,18,6,"bun",20260810,"2026-08-04T17:47:12.281809+00:00","2026-08-04T17:47:12.486148+00:00","success",184229100,184.2291,"READY","benchmarks/cold_start/bun/startup.js","results/logs/cold_start_final/session_01/cold_start_s01_r06_bun-stdout.log","results/logs/cold_start_final/session_01/cold_start_s01_r06_bun-stderr.log",NA
"cold_start_s01_r07_bun",1,19,7,"bun",20260811,"2026-08-04T17:47:13.491745+00:00","2026-08-04T17:47:13.696599+00:00","success",184630200,184.6302,"READY","benchmarks/cold_start/bun/startup.js","results/logs/cold_start_final/session_01/cold_start_s01_r07_bun-stdout.log","results/logs/cold_start_final/session_01/cold_start_s01_r07_bun-stderr.log",NA
"cold_start_s01_r07_deno",1,20,7,"deno",20260811,"2026-08-04T17:47:14.702401+00:00","2026-08-04T17:47:14.877165+00:00","success",138550000,138.55,"READY","benchmarks/cold_start/deno/startup.js","results/logs/cold_start_final/session_01/cold_start_s01_r07_deno-stdout.log","results/logs/cold_start_final/session_01/cold_start_s01_r07_deno-stderr.log",NA
"cold_start_s01_r07_node",1,21,7,"node",20260811,"2026-08-04T17:47:15.884452+00:00","2026-08-04T17:47:16.072070+00:00","success",166442900,166.4429,"READY","benchmarks/cold_start/node/startup.js","results/logs/cold_start_final/session_01/cold_start_s01_r07_node-stdout.log","results/logs/cold_start_final/session_01/cold_start_s01_r07_node-stderr.log",NA
"cold_start_s01_r08_bun",1,22,8,"bun",20260812,"2026-08-04T17:47:17.082553+00:00","2026-08-04T17:47:17.291078+00:00","success",187110800,187.1108,"READY","benchmarks/cold_start/bun/startup.js","results/logs/cold_start_final/session_01/cold_start_s01_r08_bun-stdout.log","results/logs/cold_start_final/session_01/cold_start_s01_r08_bun-stderr.log",NA
"cold_start_s01_r08_deno",1,23,8,"deno",20260812,"2026-08-04T17:47:18.301805+00:00","2026-08-04T17:47:18.458079+00:00","success",133554500,133.5545,"READY","benchmarks/cold_start/deno/startup.js","results/logs/cold_start_final/session_01/cold_start_s01_r08_deno-stdout.log","results/logs/cold_start_final/session_01/cold_start_s01_r08_deno-stderr.log",NA
"cold_start_s01_r08_node",1,24,8,"node",20260812,"2026-08-04T17:47:19.465388+00:00","2026-08-04T17:47:19.678161+00:00","success",192061900,192.0619,"READY","benchmarks/cold_start/node/startup.js","results/logs/cold_start_final/session_01/cold_start_s01_r08_node-stdout.log","results/logs/cold_start_final/session_01/cold_start_s01_r08_node-stderr.log",NA
"cold_start_s01_r09_deno",1,25,9,"deno",20260813,"2026-08-04T17:47:20.687980+00:00","2026-08-04T17:47:20.855068+00:00","success",130100100,130.1001,"READY","benchmarks/cold_start/deno/startup.js","results/logs/cold_start_final/session_01/cold_start_s01_r09_deno-stdout.log","results/logs/cold_start_final/session_01/cold_start_s01_r09_deno-stderr.log",NA
"cold_start_s01_r09_bun",1,26,9,"bun",20260813,"2026-08-04T17:47:21.861316+00:00","2026-08-04T17:47:22.074632+00:00","success",191674800,191.6748,"READY","benchmarks/cold_start/bun/startup.js","results/logs/cold_start_final/session_01/cold_start_s01_r09_bun-stdout.log","results/logs/cold_start_final/session_01/cold_start_s01_r09_bun-stderr.log",NA
"cold_start_s01_r09_node",1,27,9,"node",20260813,"2026-08-04T17:47:23.080521+00:00","2026-08-04T17:47:23.252608+00:00","success",151628800,151.6288,"READY","benchmarks/cold_start/node/startup.js","results/logs/cold_start_final/session_01/cold_start_s01_r09_node-stdout.log","results/logs/cold_start_final/session_01/cold_start_s01_r09_node-stderr.log",NA
"cold_start_s01_r10_node",1,28,10,"node",20260814,"2026-08-04T17:47:24.259542+00:00","2026-08-04T17:47:24.446286+00:00","success",165535700,165.5357,"READY","benchmarks/cold_start/node/startup.js","results/logs/cold_start_final/session_01/cold_start_s01_r10_node-stdout.log","results/logs/cold_start_final/session_01/cold_start_s01_r10_node-stderr.log",NA
"cold_start_s01_r10_bun",1,29,10,"bun",20260814,"2026-08-04T17:47:25.454133+00:00","2026-08-04T17:47:25.670767+00:00","success",199039700,199.0397,"READY","benchmarks/cold_start/bun/startup.js","results/logs/cold_start_final/session_01/cold_start_s01_r10_bun-stdout.log","results/logs/cold_start_final/session_01/cold_start_s01_r10_bun-stderr.log",NA
"cold_start_s01_r10_deno",1,30,10,"deno",20260814,"2026-08-04T17:47:26.677817+00:00","2026-08-04T17:47:26.844045+00:00","success",137956300,137.9563,"READY","benchmarks/cold_start/deno/startup.js","results/logs/cold_start_final/session_01/cold_start_s01_r10_deno-stdout.log","results/logs/cold_start_final/session_01/cold_start_s01_r10_deno-stderr.log",NA
"cold_start_s01_r11_bun",1,31,11,"bun",20260815,"2026-08-04T17:47:27.857079+00:00","2026-08-04T17:47:28.070051+00:00","success",191361900,191.3619,"READY","benchmarks/cold_start/bun/startup.js","results/logs/cold_start_final/session_01/cold_start_s01_r11_bun-stdout.log","results/logs/cold_start_final/session_01/cold_start_s01_r11_bun-stderr.log",NA
"cold_start_s01_r11_deno",1,32,11,"deno",20260815,"2026-08-04T17:47:29.076995+00:00","2026-08-04T17:47:29.255634+00:00","success",139483700,139.4837,"READY","benchmarks/cold_start/deno/startup.js","results/logs/cold_start_final/session_01/cold_start_s01_r11_deno-stdout.log","results/logs/cold_start_final/session_01/cold_start_s01_r11_deno-stderr.log",NA
"cold_start_s01_r11_node",1,33,11,"node",20260815,"2026-08-04T17:47:30.261812+00:00","2026-08-04T17:47:30.492595+00:00","success",208329400,208.3294,"READY","benchmarks/cold_start/node/startup.js","results/logs/cold_start_final/session_01/cold_start_s01_r11_node-stdout.log","results/logs/cold_start_final/session_01/cold_start_s01_r11_node-stderr.log",NA
"cold_start_s01_r12_node",1,34,12,"node",20260816,"2026-08-04T17:47:31.500638+00:00","2026-08-04T17:47:31.681734+00:00","success",162013700,162.0137,"READY","benchmarks/cold_start/node/startup.js","results/logs/cold_start_final/session_01/cold_start_s01_r12_node-stdout.log","results/logs/cold_start_final/session_01/cold_start_s01_r12_node-stderr.log",NA
"cold_start_s01_r12_bun",1,35,12,"bun",20260816,"2026-08-04T17:47:32.688887+00:00","2026-08-04T17:47:32.919054+00:00","success",209666700,209.6667,"READY","benchmarks/cold_start/bun/startup.js","results/logs/cold_start_final/session_01/cold_start_s01_r12_bun-stdout.log","results/logs/cold_start_final/session_01/cold_start_s01_r12_bun-stderr.log",NA
"cold_start_s01_r12_deno",1,36,12,"deno",20260816,"2026-08-04T17:47:33.927608+00:00","2026-08-04T17:47:34.082554+00:00","success",132136100,132.1361,"READY","benchmarks/cold_start/deno/startup.js","results/logs/cold_start_final/session_01/cold_start_s01_r12_deno-stdout.log","results/logs/cold_start_final/session_01/cold_start_s01_r12_deno-stderr.log",NA
"cold_start_s01_r13_bun",1,37,13,"bun",20260817,"2026-08-04T17:47:35.089999+00:00","2026-08-04T17:47:35.300688+00:00","success",190088100,190.0881,"READY","benchmarks/cold_start/bun/startup.js","results/logs/cold_start_final/session_01/cold_start_s01_r13_bun-stdout.log","results/logs/cold_start_final/session_01/cold_start_s01_r13_bun-stderr.log",NA
"cold_start_s01_r13_node",1,38,13,"node",20260817,"2026-08-04T17:47:36.308279+00:00","2026-08-04T17:47:36.480267+00:00","success",155194300,155.1943,"READY","benchmarks/cold_start/node/startup.js","results/logs/cold_start_final/session_01/cold_start_s01_r13_node-stdout.log","results/logs/cold_start_final/session_01/cold_start_s01_r13_node-stderr.log",NA
"cold_start_s01_r13_deno",1,39,13,"deno",20260817,"2026-08-04T17:47:37.487255+00:00","2026-08-04T17:47:37.640847+00:00","success",131969400,131.9694,"READY","benchmarks/cold_start/deno/startup.js","results/logs/cold_start_final/session_01/cold_start_s01_r13_deno-stdout.log","results/logs/cold_start_final/session_01/cold_start_s01_r13_deno-stderr.log",NA
"cold_start_s01_r14_deno",1,40,14,"deno",20260818,"2026-08-04T17:47:38.648347+00:00","2026-08-04T17:47:38.800212+00:00","success",131131700,131.1317,"READY","benchmarks/cold_start/deno/startup.js","results/logs/cold_start_final/session_01/cold_start_s01_r14_deno-stdout.log","results/logs/cold_start_final/session_01/cold_start_s01_r14_deno-stderr.log",NA
"cold_start_s01_r14_node",1,41,14,"node",20260818,"2026-08-04T17:47:39.808147+00:00","2026-08-04T17:47:40.007990+00:00","success",180947600,180.9476,"READY","benchmarks/cold_start/node/startup.js","results/logs/cold_start_final/session_01/cold_start_s01_r14_node-stdout.log","results/logs/cold_start_final/session_01/cold_start_s01_r14_node-stderr.log",NA
"cold_start_s01_r14_bun",1,42,14,"bun",20260818,"2026-08-04T17:47:41.014123+00:00","2026-08-04T17:47:41.242966+00:00","success",196190800,196.1908,"READY","benchmarks/cold_start/bun/startup.js","results/logs/cold_start_final/session_01/cold_start_s01_r14_bun-stdout.log","results/logs/cold_start_final/session_01/cold_start_s01_r14_bun-stderr.log",NA
"cold_start_s01_r15_node",1,43,15,"node",20260819,"2026-08-04T17:47:42.252601+00:00","2026-08-04T17:47:42.428767+00:00","success",157287000,157.287,"READY","benchmarks/cold_start/node/startup.js","results/logs/cold_start_final/session_01/cold_start_s01_r15_node-stdout.log","results/logs/cold_start_final/session_01/cold_start_s01_r15_node-stderr.log",NA
"cold_start_s01_r15_deno",1,44,15,"deno",20260819,"2026-08-04T17:47:43.437466+00:00","2026-08-04T17:47:43.593814+00:00","success",135441900,135.4419,"READY","benchmarks/cold_start/deno/startup.js","results/logs/cold_start_final/session_01/cold_start_s01_r15_deno-stdout.log","results/logs/cold_start_final/session_01/cold_start_s01_r15_deno-stderr.log",NA
"cold_start_s01_r15_bun",1,45,15,"bun",20260819,"2026-08-04T17:47:44.602177+00:00","2026-08-04T17:47:44.871123+00:00","success",182078200,182.0782,"READY","benchmarks/cold_start/bun/startup.js","results/logs/cold_start_final/session_01/cold_start_s01_r15_bun-stdout.log","results/logs/cold_start_final/session_01/cold_start_s01_r15_bun-stderr.log",NA
"cold_start_s02_r16_deno",2,1,16,"deno",20260820,"2026-08-04T17:48:25.927158+00:00","2026-08-04T17:48:26.072229+00:00","success",119570400,119.5704,"READY","benchmarks/cold_start/deno/startup.js","results/logs/cold_start_final/session_02/cold_start_s02_r16_deno-stdout.log","results/logs/cold_start_final/session_02/cold_start_s02_r16_deno-stderr.log",NA
"cold_start_s02_r16_node",2,2,16,"node",20260820,"2026-08-04T17:48:27.081457+00:00","2026-08-04T17:48:27.264451+00:00","success",147805800,147.8058,"READY","benchmarks/cold_start/node/startup.js","results/logs/cold_start_final/session_02/cold_start_s02_r16_node-stdout.log","results/logs/cold_start_final/session_02/cold_start_s02_r16_node-stderr.log",NA
"cold_start_s02_r16_bun",2,3,16,"bun",20260820,"2026-08-04T17:48:28.277708+00:00","2026-08-04T17:48:28.483050+00:00","success",183865900,183.8659,"READY","benchmarks/cold_start/bun/startup.js","results/logs/cold_start_final/session_02/cold_start_s02_r16_bun-stdout.log","results/logs/cold_start_final/session_02/cold_start_s02_r16_bun-stderr.log",NA
"cold_start_s02_r17_deno",2,4,17,"deno",20260821,"2026-08-04T17:48:29.491226+00:00","2026-08-04T17:48:29.645728+00:00","success",116181600,116.1816,"READY","benchmarks/cold_start/deno/startup.js","results/logs/cold_start_final/session_02/cold_start_s02_r17_deno-stdout.log","results/logs/cold_start_final/session_02/cold_start_s02_r17_deno-stderr.log",NA
"cold_start_s02_r17_bun",2,5,17,"bun",20260821,"2026-08-04T17:48:30.654866+00:00","2026-08-04T17:48:30.866726+00:00","success",189036600,189.0366,"READY","benchmarks/cold_start/bun/startup.js","results/logs/cold_start_final/session_02/cold_start_s02_r17_bun-stdout.log","results/logs/cold_start_final/session_02/cold_start_s02_r17_bun-stderr.log",NA
"cold_start_s02_r17_node",2,6,17,"node",20260821,"2026-08-04T17:48:31.879700+00:00","2026-08-04T17:48:32.050967+00:00","success",151532700,151.5327,"READY","benchmarks/cold_start/node/startup.js","results/logs/cold_start_final/session_02/cold_start_s02_r17_node-stdout.log","results/logs/cold_start_final/session_02/cold_start_s02_r17_node-stderr.log",NA
"cold_start_s02_r18_bun",2,7,18,"bun",20260822,"2026-08-04T17:48:33.059467+00:00","2026-08-04T17:48:33.271518+00:00","success",190071400,190.0714,"READY","benchmarks/cold_start/bun/startup.js","results/logs/cold_start_final/session_02/cold_start_s02_r18_bun-stdout.log","results/logs/cold_start_final/session_02/cold_start_s02_r18_bun-stderr.log",NA
"cold_start_s02_r18_node",2,8,18,"node",20260822,"2026-08-04T17:48:34.280037+00:00","2026-08-04T17:48:34.457548+00:00","success",157396400,157.3964,"READY","benchmarks/cold_start/node/startup.js","results/logs/cold_start_final/session_02/cold_start_s02_r18_node-stdout.log","results/logs/cold_start_final/session_02/cold_start_s02_r18_node-stderr.log",NA
"cold_start_s02_r18_deno",2,9,18,"deno",20260822,"2026-08-04T17:48:35.466122+00:00","2026-08-04T17:48:35.624685+00:00","success",133987600,133.9876,"READY","benchmarks/cold_start/deno/startup.js","results/logs/cold_start_final/session_02/cold_start_s02_r18_deno-stdout.log","results/logs/cold_start_final/session_02/cold_start_s02_r18_deno-stderr.log",NA
"cold_start_s02_r19_node",2,10,19,"node",20260823,"2026-08-04T17:48:36.632870+00:00","2026-08-04T17:48:36.810934+00:00","success",155913900,155.9139,"READY","benchmarks/cold_start/node/startup.js","results/logs/cold_start_final/session_02/cold_start_s02_r19_node-stdout.log","results/logs/cold_start_final/session_02/cold_start_s02_r19_node-stderr.log",NA
"cold_start_s02_r19_bun",2,11,19,"bun",20260823,"2026-08-04T17:48:37.820435+00:00","2026-08-04T17:48:38.111815+00:00","success",264538300,264.5383,"READY","benchmarks/cold_start/bun/startup.js","results/logs/cold_start_final/session_02/cold_start_s02_r19_bun-stdout.log","results/logs/cold_start_final/session_02/cold_start_s02_r19_bun-stderr.log",NA
"cold_start_s02_r19_deno",2,12,19,"deno",20260823,"2026-08-04T17:48:39.119743+00:00","2026-08-04T17:48:39.279972+00:00","success",129496600,129.4966,"READY","benchmarks/cold_start/deno/startup.js","results/logs/cold_start_final/session_02/cold_start_s02_r19_deno-stdout.log","results/logs/cold_start_final/session_02/cold_start_s02_r19_deno-stderr.log",NA
"cold_start_s02_r20_node",2,13,20,"node",20260824,"2026-08-04T17:48:40.288418+00:00","2026-08-04T17:48:40.457733+00:00","success",153111800,153.1118,"READY","benchmarks/cold_start/node/startup.js","results/logs/cold_start_final/session_02/cold_start_s02_r20_node-stdout.log","results/logs/cold_start_final/session_02/cold_start_s02_r20_node-stderr.log",NA
"cold_start_s02_r20_deno",2,14,20,"deno",20260824,"2026-08-04T17:48:41.466018+00:00","2026-08-04T17:48:41.757680+00:00","success",257953300,257.9533,"READY","benchmarks/cold_start/deno/startup.js","results/logs/cold_start_final/session_02/cold_start_s02_r20_deno-stdout.log","results/logs/cold_start_final/session_02/cold_start_s02_r20_deno-stderr.log",NA
"cold_start_s02_r20_bun",2,15,20,"bun",20260824,"2026-08-04T17:48:42.766630+00:00","2026-08-04T17:48:42.959014+00:00","success",169188200,169.1882,"READY","benchmarks/cold_start/bun/startup.js","results/logs/cold_start_final/session_02/cold_start_s02_r20_bun-stdout.log","results/logs/cold_start_final/session_02/cold_start_s02_r20_bun-stderr.log",NA
"cold_start_s02_r21_deno",2,16,21,"deno",20260825,"2026-08-04T17:48:43.974388+00:00","2026-08-04T17:48:44.140235+00:00","success",144108200,144.1082,"READY","benchmarks/cold_start/deno/startup.js","results/logs/cold_start_final/session_02/cold_start_s02_r21_deno-stdout.log","results/logs/cold_start_final/session_02/cold_start_s02_r21_deno-stderr.log",NA
"cold_start_s02_r21_bun",2,17,21,"bun",20260825,"2026-08-04T17:48:45.150069+00:00","2026-08-04T17:48:45.349119+00:00","success",178440100,178.4401,"READY","benchmarks/cold_start/bun/startup.js","results/logs/cold_start_final/session_02/cold_start_s02_r21_bun-stdout.log","results/logs/cold_start_final/session_02/cold_start_s02_r21_bun-stderr.log",NA
"cold_start_s02_r21_node",2,18,21,"node",20260825,"2026-08-04T17:48:46.357719+00:00","2026-08-04T17:48:46.525147+00:00","success",149065000,149.065,"READY","benchmarks/cold_start/node/startup.js","results/logs/cold_start_final/session_02/cold_start_s02_r21_node-stdout.log","results/logs/cold_start_final/session_02/cold_start_s02_r21_node-stderr.log",NA
"cold_start_s02_r22_deno",2,19,22,"deno",20260826,"2026-08-04T17:48:47.533764+00:00","2026-08-04T17:48:47.702252+00:00","success",129352900,129.3529,"READY","benchmarks/cold_start/deno/startup.js","results/logs/cold_start_final/session_02/cold_start_s02_r22_deno-stdout.log","results/logs/cold_start_final/session_02/cold_start_s02_r22_deno-stderr.log",NA
"cold_start_s02_r22_node",2,20,22,"node",20260826,"2026-08-04T17:48:48.711580+00:00","2026-08-04T17:48:48.875302+00:00","success",146462400,146.4624,"READY","benchmarks/cold_start/node/startup.js","results/logs/cold_start_final/session_02/cold_start_s02_r22_node-stdout.log","results/logs/cold_start_final/session_02/cold_start_s02_r22_node-stderr.log",NA
"cold_start_s02_r22_bun",2,21,22,"bun",20260826,"2026-08-04T17:48:49.884740+00:00","2026-08-04T17:48:50.087040+00:00","success",182312500,182.3125,"READY","benchmarks/cold_start/bun/startup.js","results/logs/cold_start_final/session_02/cold_start_s02_r22_bun-stdout.log","results/logs/cold_start_final/session_02/cold_start_s02_r22_bun-stderr.log",NA
"cold_start_s02_r23_bun",2,22,23,"bun",20260827,"2026-08-04T17:48:51.096280+00:00","2026-08-04T17:48:51.292180+00:00","success",178255900,178.2559,"READY","benchmarks/cold_start/bun/startup.js","results/logs/cold_start_final/session_02/cold_start_s02_r23_bun-stdout.log","results/logs/cold_start_final/session_02/cold_start_s02_r23_bun-stderr.log",NA
"cold_start_s02_r23_node",2,23,23,"node",20260827,"2026-08-04T17:48:52.302587+00:00","2026-08-04T17:48:52.465006+00:00","success",143865300,143.8653,"READY","benchmarks/cold_start/node/startup.js","results/logs/cold_start_final/session_02/cold_start_s02_r23_node-stdout.log","results/logs/cold_start_final/session_02/cold_start_s02_r23_node-stderr.log",NA
"cold_start_s02_r23_deno",2,24,23,"deno",20260827,"2026-08-04T17:48:53.473995+00:00","2026-08-04T17:48:53.618690+00:00","success",121043500,121.0435,"READY","benchmarks/cold_start/deno/startup.js","results/logs/cold_start_final/session_02/cold_start_s02_r23_deno-stdout.log","results/logs/cold_start_final/session_02/cold_start_s02_r23_deno-stderr.log",NA
"cold_start_s02_r24_node",2,25,24,"node",20260828,"2026-08-04T17:48:54.629779+00:00","2026-08-04T17:48:54.792743+00:00","success",144025900,144.0259,"READY","benchmarks/cold_start/node/startup.js","results/logs/cold_start_final/session_02/cold_start_s02_r24_node-stdout.log","results/logs/cold_start_final/session_02/cold_start_s02_r24_node-stderr.log",NA
"cold_start_s02_r24_deno",2,26,24,"deno",20260828,"2026-08-04T17:48:55.805037+00:00","2026-08-04T17:48:55.968752+00:00","success",129067400,129.0674,"READY","benchmarks/cold_start/deno/startup.js","results/logs/cold_start_final/session_02/cold_start_s02_r24_deno-stdout.log","results/logs/cold_start_final/session_02/cold_start_s02_r24_deno-stderr.log",NA
"cold_start_s02_r24_bun",2,27,24,"bun",20260828,"2026-08-04T17:48:56.978493+00:00","2026-08-04T17:48:57.179245+00:00","success",182732200,182.7322,"READY","benchmarks/cold_start/bun/startup.js","results/logs/cold_start_final/session_02/cold_start_s02_r24_bun-stdout.log","results/logs/cold_start_final/session_02/cold_start_s02_r24_bun-stderr.log",NA
"cold_start_s02_r25_node",2,28,25,"node",20260829,"2026-08-04T17:48:58.188273+00:00","2026-08-04T17:48:58.353688+00:00","success",149995200,149.9952,"READY","benchmarks/cold_start/node/startup.js","results/logs/cold_start_final/session_02/cold_start_s02_r25_node-stdout.log","results/logs/cold_start_final/session_02/cold_start_s02_r25_node-stderr.log",NA
"cold_start_s02_r25_bun",2,29,25,"bun",20260829,"2026-08-04T17:48:59.364540+00:00","2026-08-04T17:48:59.566906+00:00","success",182062100,182.0621,"READY","benchmarks/cold_start/bun/startup.js","results/logs/cold_start_final/session_02/cold_start_s02_r25_bun-stdout.log","results/logs/cold_start_final/session_02/cold_start_s02_r25_bun-stderr.log",NA
"cold_start_s02_r25_deno",2,30,25,"deno",20260829,"2026-08-04T17:49:00.580493+00:00","2026-08-04T17:49:00.735492+00:00","success",129116900,129.1169,"READY","benchmarks/cold_start/deno/startup.js","results/logs/cold_start_final/session_02/cold_start_s02_r25_deno-stdout.log","results/logs/cold_start_final/session_02/cold_start_s02_r25_deno-stderr.log",NA
"cold_start_s02_r26_bun",2,31,26,"bun",20260830,"2026-08-04T17:49:01.751145+00:00","2026-08-04T17:49:01.984278+00:00","success",211147100,211.1471,"READY","benchmarks/cold_start/bun/startup.js","results/logs/cold_start_final/session_02/cold_start_s02_r26_bun-stdout.log","results/logs/cold_start_final/session_02/cold_start_s02_r26_bun-stderr.log",NA
"cold_start_s02_r26_deno",2,32,26,"deno",20260830,"2026-08-04T17:49:03.003175+00:00","2026-08-04T17:49:03.169304+00:00","success",122990700,122.9907,"READY","benchmarks/cold_start/deno/startup.js","results/logs/cold_start_final/session_02/cold_start_s02_r26_deno-stdout.log","results/logs/cold_start_final/session_02/cold_start_s02_r26_deno-stderr.log",NA
"cold_start_s02_r26_node",2,33,26,"node",20260830,"2026-08-04T17:49:04.179446+00:00","2026-08-04T17:49:04.424467+00:00","success",205934000,205.934,"READY","benchmarks/cold_start/node/startup.js","results/logs/cold_start_final/session_02/cold_start_s02_r26_node-stdout.log","results/logs/cold_start_final/session_02/cold_start_s02_r26_node-stderr.log",NA
"cold_start_s02_r27_bun",2,34,27,"bun",20260831,"2026-08-04T17:49:05.440415+00:00","2026-08-04T17:49:05.635547+00:00","success",176030600,176.0306,"READY","benchmarks/cold_start/bun/startup.js","results/logs/cold_start_final/session_02/cold_start_s02_r27_bun-stdout.log","results/logs/cold_start_final/session_02/cold_start_s02_r27_bun-stderr.log",NA
"cold_start_s02_r27_deno",2,35,27,"deno",20260831,"2026-08-04T17:49:06.649730+00:00","2026-08-04T17:49:06.969411+00:00","success",281616700,281.6167,"READY","benchmarks/cold_start/deno/startup.js","results/logs/cold_start_final/session_02/cold_start_s02_r27_deno-stdout.log","results/logs/cold_start_final/session_02/cold_start_s02_r27_deno-stderr.log",NA
"cold_start_s02_r27_node",2,36,27,"node",20260831,"2026-08-04T17:49:07.979733+00:00","2026-08-04T17:49:08.147970+00:00","success",149989900,149.9899,"READY","benchmarks/cold_start/node/startup.js","results/logs/cold_start_final/session_02/cold_start_s02_r27_node-stdout.log","results/logs/cold_start_final/session_02/cold_start_s02_r27_node-stderr.log",NA
"cold_start_s02_r28_bun",2,37,28,"bun",20260832,"2026-08-04T17:49:09.157972+00:00","2026-08-04T17:49:09.358634+00:00","success",179646100,179.6461,"READY","benchmarks/cold_start/bun/startup.js","results/logs/cold_start_final/session_02/cold_start_s02_r28_bun-stdout.log","results/logs/cold_start_final/session_02/cold_start_s02_r28_bun-stderr.log",NA
"cold_start_s02_r28_deno",2,38,28,"deno",20260832,"2026-08-04T17:49:10.367216+00:00","2026-08-04T17:49:10.536273+00:00","success",129784600,129.7846,"READY","benchmarks/cold_start/deno/startup.js","results/logs/cold_start_final/session_02/cold_start_s02_r28_deno-stdout.log","results/logs/cold_start_final/session_02/cold_start_s02_r28_deno-stderr.log",NA
"cold_start_s02_r28_node",2,39,28,"node",20260832,"2026-08-04T17:49:11.547670+00:00","2026-08-04T17:49:11.708850+00:00","success",141487900,141.4879,"READY","benchmarks/cold_start/node/startup.js","results/logs/cold_start_final/session_02/cold_start_s02_r28_node-stdout.log","results/logs/cold_start_final/session_02/cold_start_s02_r28_node-stderr.log",NA
"cold_start_s02_r29_bun",2,40,29,"bun",20260833,"2026-08-04T17:49:12.719258+00:00","2026-08-04T17:49:12.983514+00:00","success",242696500,242.6965,"READY","benchmarks/cold_start/bun/startup.js","results/logs/cold_start_final/session_02/cold_start_s02_r29_bun-stdout.log","results/logs/cold_start_final/session_02/cold_start_s02_r29_bun-stderr.log",NA
"cold_start_s02_r29_node",2,41,29,"node",20260833,"2026-08-04T17:49:13.993660+00:00","2026-08-04T17:49:14.165908+00:00","success",153503200,153.5032,"READY","benchmarks/cold_start/node/startup.js","results/logs/cold_start_final/session_02/cold_start_s02_r29_node-stdout.log","results/logs/cold_start_final/session_02/cold_start_s02_r29_node-stderr.log",NA
"cold_start_s02_r29_deno",2,42,29,"deno",20260833,"2026-08-04T17:49:15.176062+00:00","2026-08-04T17:49:15.347337+00:00","success",131953900,131.9539,"READY","benchmarks/cold_start/deno/startup.js","results/logs/cold_start_final/session_02/cold_start_s02_r29_deno-stdout.log","results/logs/cold_start_final/session_02/cold_start_s02_r29_deno-stderr.log",NA
"cold_start_s02_r30_bun",2,43,30,"bun",20260834,"2026-08-04T17:49:16.358655+00:00","2026-08-04T17:49:16.585357+00:00","success",203408400,203.4084,"READY","benchmarks/cold_start/bun/startup.js","results/logs/cold_start_final/session_02/cold_start_s02_r30_bun-stdout.log","results/logs/cold_start_final/session_02/cold_start_s02_r30_bun-stderr.log",NA
"cold_start_s02_r30_deno",2,44,30,"deno",20260834,"2026-08-04T17:49:17.596145+00:00","2026-08-04T17:49:17.747801+00:00","success",115760200,115.7602,"READY","benchmarks/cold_start/deno/startup.js","results/logs/cold_start_final/session_02/cold_start_s02_r30_deno-stdout.log","results/logs/cold_start_final/session_02/cold_start_s02_r30_deno-stderr.log",NA
"cold_start_s02_r30_node",2,45,30,"node",20260834,"2026-08-04T17:49:18.758413+00:00","2026-08-04T17:49:18.928184+00:00","success",153015200,153.0152,"READY","benchmarks/cold_start/node/startup.js","results/logs/cold_start_final/session_02/cold_start_s02_r30_node-stdout.log","results/logs/cold_start_final/session_02/cold_start_s02_r30_node-stderr.log",NA
