session_id,sequence,repetition,runtime,shuffle_seed
1,1,1,bun,20260805
1,2,1,node,20260805
1,3,1,deno,20260805
1,4,2,node,20260806
1,5,2,deno,20260806
1,6,2,bun,20260806
1,7,3,deno,20260807
1,8,3,bun,20260807
1,9,3,node,20260807
1,10,4,bun,20260808
1,11,4,node,20260808
1,12,4,deno,20260808
1,13,5,deno,20260809
1,14,5,bun,20260809
1,15,5,node,20260809
1,16,6,deno,20260810
1,17,6,node,20260810
1,18,6,bun,20260810
1,19,7,bun,20260811
1,20,7,deno,20260811
1,21,7,node,20260811
1,22,8,bun,20260812
1,23,8,deno,20260812
1,24,8,node,20260812
1,25,9,deno,20260813
1,26,9,bun,20260813
1,27,9,node,20260813
1,28,10,node,20260814
1,29,10,bun,20260814
1,30,10,deno,20260814
1,31,11,bun,20260815
1,32,11,deno,20260815
1,33,11,node,20260815
1,34,12,node,20260816
1,35,12,bun,20260816
1,36,12,deno,20260816
1,37,13,bun,20260817
1,38,13,node,20260817
1,39,13,deno,20260817
1,40,14,deno,20260818
1,41,14,node,20260818
1,42,14,bun,20260818
1,43,15,node,20260819
1,44,15,deno,20260819
1,45,15,bun,20260819
