run_id,session_id,sequence,repetition,runtime,connections,pipelining,warmup_seconds,measurement_seconds,timeout_seconds,shuffle_seed,started_at,finished_at,status,requests_per_second,mean_latency_ms,median_latency_ms,p99_latency_ms,total_requests,errors,timeouts,mismatches,non_2xx,result_file,server_output_log,server_error_log,autocannon_error_log,error_message
http_s01_r01_node_c050,1,1,1,node,50,1,10,30,10,20260804,2026-08-03T14:23:11.512885+00:00,2026-08-03T14:23:53.341600+00:00,success,15958.4,2.76,2,5,478745,0,0,0,0,data/raw/http/session_01/http_s01_r01_node_c050.json,results/logs/http_final/session_01/http_s01_r01_node_c050-server-output.log,results/logs/http_final/session_01/http_s01_r01_node_c050-server-error.log,results/logs/http_final/session_01/http_s01_r01_node_c050-autocannon-error.log,
http_s01_r01_deno_c100,1,2,1,deno,100,1,10,30,10,20260804,2026-08-03T14:24:03.353843+00:00,2026-08-03T14:24:45.099678+00:00,success,17740.67,5.19,5,10,532204,0,0,0,0,data/raw/http/session_01/http_s01_r01_deno_c100.json,results/logs/http_final/session_01/http_s01_r01_deno_c100-server-output.log,results/logs/http_final/session_01/http_s01_r01_deno_c100-server-error.log,results/logs/http_final/session_01/http_s01_r01_deno_c100-autocannon-error.log,
http_s01_r01_node_c010,1,3,1,node,10,1,10,30,10,20260804,2026-08-03T14:24:55.121083+00:00,2026-08-03T14:25:37.682132+00:00,success,16192.27,0.05,0,1,485774,0,0,0,0,data/raw/http/session_01/http_s01_r01_node_c010.json,results/logs/http_final/session_01/http_s01_r01_node_c010-server-output.log,results/logs/http_final/session_01/http_s01_r01_node_c010-server-error.log,results/logs/http_final/session_01/http_s01_r01_node_c010-autocannon-error.log,
http_s01_r01_deno_c050,1,4,1,deno,50,1,10,30,10,20260804,2026-08-03T14:25:47.694733+00:00,2026-08-03T14:26:29.337569+00:00,success,17838.67,2.32,2,5,535142,0,0,0,0,data/raw/http/session_01/http_s01_r01_deno_c050.json,results/logs/http_final/session_01/http_s01_r01_deno_c050-server-output.log,results/logs/http_final/session_01/http_s01_r01_deno_c050-server-error.log,results/logs/http_final/session_01/http_s01_r01_deno_c050-autocannon-error.log,
http_s01_r01_bun_c050,1,5,1,bun,50,1,10,30,10,20260804,2026-08-03T14:26:39.349915+00:00,2026-08-03T14:27:20.973675+00:00,success,18796.41,2.15,2,6,563840,0,0,0,0,data/raw/http/session_01/http_s01_r01_bun_c050.json,results/logs/http_final/session_01/http_s01_r01_bun_c050-server-output.log,results/logs/http_final/session_01/http_s01_r01_bun_c050-server-error.log,results/logs/http_final/session_01/http_s01_r01_bun_c050-autocannon-error.log,
http_s01_r01_deno_c010,1,6,1,deno,10,1,10,30,10,20260804,2026-08-03T14:27:30.985947+00:00,2026-08-03T14:28:13.519535+00:00,success,18875.34,0.04,0,1,566249,0,0,0,0,data/raw/http/session_01/http_s01_r01_deno_c010.json,results/logs/http_final/session_01/http_s01_r01_deno_c010-server-output.log,results/logs/http_final/session_01/http_s01_r01_deno_c010-server-error.log,results/logs/http_final/session_01/http_s01_r01_deno_c010-autocannon-error.log,
http_s01_r01_bun_c100,1,7,1,bun,100,1,10,30,10,20260804,2026-08-03T14:28:23.533921+00:00,2026-08-03T14:29:05.440179+00:00,success,18003.34,5.08,5,10,540047,0,0,0,0,data/raw/http/session_01/http_s01_r01_bun_c100.json,results/logs/http_final/session_01/http_s01_r01_bun_c100-server-output.log,results/logs/http_final/session_01/http_s01_r01_bun_c100-server-error.log,results/logs/http_final/session_01/http_s01_r01_bun_c100-autocannon-error.log,
http_s01_r01_node_c100,1,8,1,node,100,1,10,30,10,20260804,2026-08-03T14:29:15.450097+00:00,2026-08-03T14:29:57.099668+00:00,success,14983.87,6.11,6,13,449516,0,0,0,0,data/raw/http/session_01/http_s01_r01_node_c100.json,results/logs/http_final/session_01/http_s01_r01_node_c100-server-output.log,results/logs/http_final/session_01/http_s01_r01_node_c100-server-error.log,results/logs/http_final/session_01/http_s01_r01_node_c100-autocannon-error.log,
http_s01_r01_bun_c010,1,9,1,bun,10,1,10,30,10,20260804,2026-08-03T14:30:07.112153+00:00,2026-08-03T14:30:49.672509+00:00,success,17684.14,0.12,0,3,530525,0,0,0,0,data/raw/http/session_01/http_s01_r01_bun_c010.json,results/logs/http_final/session_01/http_s01_r01_bun_c010-server-output.log,results/logs/http_final/session_01/http_s01_r01_bun_c010-server-error.log,results/logs/http_final/session_01/http_s01_r01_bun_c010-autocannon-error.log,
http_s01_r02_deno_c050,1,10,2,deno,50,1,10,30,10,20260805,2026-08-03T14:30:59.685266+00:00,2026-08-03T14:31:41.344860+00:00,success,20639.87,1.92,2,5,619223,0,0,0,0,data/raw/http/session_01/http_s01_r02_deno_c050.json,results/logs/http_final/session_01/http_s01_r02_deno_c050-server-output.log,results/logs/http_final/session_01/http_s01_r02_deno_c050-server-error.log,results/logs/http_final/session_01/http_s01_r02_deno_c050-autocannon-error.log,
http_s01_r02_node_c010,1,11,2,node,10,1,10,30,10,20260805,2026-08-03T14:31:51.354898+00:00,2026-08-03T14:32:32.917689+00:00,success,16488.14,0.06,0,1,494651,0,0,0,0,data/raw/http/session_01/http_s01_r02_node_c010.json,results/logs/http_final/session_01/http_s01_r02_node_c010-server-output.log,results/logs/http_final/session_01/http_s01_r02_node_c010-server-error.log,results/logs/http_final/session_01/http_s01_r02_node_c010-autocannon-error.log,
http_s01_r02_bun_c050,1,12,2,bun,50,1,10,30,10,20260805,2026-08-03T14:32:42.932235+00:00,2026-08-03T14:33:24.744011+00:00,success,18428.14,2.23,2,5,552853,0,0,0,0,data/raw/http/session_01/http_s01_r02_bun_c050.json,results/logs/http_final/session_01/http_s01_r02_bun_c050-server-output.log,results/logs/http_final/session_01/http_s01_r02_bun_c050-server-error.log,results/logs/http_final/session_01/http_s01_r02_bun_c050-autocannon-error.log,
http_s01_r02_bun_c010,1,13,2,bun,10,1,10,30,10,20260805,2026-08-03T14:33:34.757793+00:00,2026-08-03T14:34:17.307428+00:00,success,16671.87,0.15,0,3,500129,0,0,0,0,data/raw/http/session_01/http_s01_r02_bun_c010.json,results/logs/http_final/session_01/http_s01_r02_bun_c010-server-output.log,results/logs/http_final/session_01/http_s01_r02_bun_c010-server-error.log,results/logs/http_final/session_01/http_s01_r02_bun_c010-autocannon-error.log,
http_s01_r02_node_c050,1,14,2,node,50,1,10,30,10,20260805,2026-08-03T14:34:27.319192+00:00,2026-08-03T14:35:08.972839+00:00,success,15953.07,2.76,2,6,478563,0,0,0,0,data/raw/http/session_01/http_s01_r02_node_c050.json,results/logs/http_final/session_01/http_s01_r02_node_c050-server-output.log,results/logs/http_final/session_01/http_s01_r02_node_c050-server-error.log,results/logs/http_final/session_01/http_s01_r02_node_c050-autocannon-error.log,
http_s01_r02_bun_c100,1,15,2,bun,100,1,10,30,10,20260805,2026-08-03T14:35:18.987493+00:00,2026-08-03T14:36:00.733432+00:00,success,17058.94,5.38,5,12,511790,0,0,0,0,data/raw/http/session_01/http_s01_r02_bun_c100.json,results/logs/http_final/session_01/http_s01_r02_bun_c100-server-output.log,results/logs/http_final/session_01/http_s01_r02_bun_c100-server-error.log,results/logs/http_final/session_01/http_s01_r02_bun_c100-autocannon-error.log,
http_s01_r02_deno_c010,1,16,2,deno,10,1,10,30,10,20260805,2026-08-03T14:36:10.746211+00:00,2026-08-03T14:36:52.323783+00:00,success,18576.94,0.04,0,1,557283,0,0,0,0,data/raw/http/session_01/http_s01_r02_deno_c010.json,results/logs/http_final/session_01/http_s01_r02_deno_c010-server-output.log,results/logs/http_final/session_01/http_s01_r02_deno_c010-server-error.log,results/logs/http_final/session_01/http_s01_r02_deno_c010-autocannon-error.log,
http_s01_r02_node_c100,1,17,2,node,100,1,10,30,10,20260805,2026-08-03T14:37:02.333452+00:00,2026-08-03T14:37:44.232344+00:00,success,15165.6,6.02,5,13,454948,0,0,0,0,data/raw/http/session_01/http_s01_r02_node_c100.json,results/logs/http_final/session_01/http_s01_r02_node_c100-server-output.log,results/logs/http_final/session_01/http_s01_r02_node_c100-server-error.log,results/logs/http_final/session_01/http_s01_r02_node_c100-autocannon-error.log,
http_s01_r02_deno_c100,1,18,2,deno,100,1,10,30,10,20260805,2026-08-03T14:37:54.246222+00:00,2026-08-03T14:38:35.932517+00:00,success,20878.54,4.37,4,9,626381,0,0,0,0,data/raw/http/session_01/http_s01_r02_deno_c100.json,results/logs/http_final/session_01/http_s01_r02_deno_c100-server-output.log,results/logs/http_final/session_01/http_s01_r02_deno_c100-server-error.log,results/logs/http_final/session_01/http_s01_r02_deno_c100-autocannon-error.log,
http_s01_r03_deno_c010,1,19,3,deno,10,1,10,30,10,20260806,2026-08-03T14:38:45.945404+00:00,2026-08-03T14:39:27.509490+00:00,success,19204.94,0.04,0,1,576115,0,0,0,0,data/raw/http/session_01/http_s01_r03_deno_c010.json,results/logs/http_final/session_01/http_s01_r03_deno_c010-server-output.log,results/logs/http_final/session_01/http_s01_r03_deno_c010-server-error.log,results/logs/http_final/session_01/http_s01_r03_deno_c010-autocannon-error.log,
http_s01_r03_node_c050,1,20,3,node,50,1,10,30,10,20260806,2026-08-03T14:39:37.519970+00:00,2026-08-03T14:40:19.147231+00:00,success,15746.94,2.77,2,7,472412,0,0,0,0,data/raw/http/session_01/http_s01_r03_node_c050.json,results/logs/http_final/session_01/http_s01_r03_node_c050-server-output.log,results/logs/http_final/session_01/http_s01_r03_node_c050-server-error.log,results/logs/http_final/session_01/http_s01_r03_node_c050-autocannon-error.log,
http_s01_r03_deno_c100,1,21,3,deno,100,1,10,30,10,20260806,2026-08-03T14:40:29.161091+00:00,2026-08-03T14:41:10.983533+00:00,success,18117.2,5.08,4,10,543540,0,0,0,0,data/raw/http/session_01/http_s01_r03_deno_c100.json,results/logs/http_final/session_01/http_s01_r03_deno_c100-server-output.log,results/logs/http_final/session_01/http_s01_r03_deno_c100-server-error.log,results/logs/http_final/session_01/http_s01_r03_deno_c100-autocannon-error.log,
http_s01_r03_deno_c050,1,22,3,deno,50,1,10,30,10,20260806,2026-08-03T14:41:21.063702+00:00,2026-08-03T14:42:02.718256+00:00,success,18703.07,2.13,2,5,561095,0,0,0,0,data/raw/http/session_01/http_s01_r03_deno_c050.json,results/logs/http_final/session_01/http_s01_r03_deno_c050-server-output.log,results/logs/http_final/session_01/http_s01_r03_deno_c050-server-error.log,results/logs/http_final/session_01/http_s01_r03_deno_c050-autocannon-error.log,
http_s01_r03_node_c010,1,23,3,node,10,1,10,30,10,20260806,2026-08-03T14:42:12.728170+00:00,2026-08-03T14:42:54.296899+00:00,success,16764,0.05,0,1,502909,0,0,0,0,data/raw/http/session_01/http_s01_r03_node_c010.json,results/logs/http_final/session_01/http_s01_r03_node_c010-server-output.log,results/logs/http_final/session_01/http_s01_r03_node_c010-server-error.log,results/logs/http_final/session_01/http_s01_r03_node_c010-autocannon-error.log,
http_s01_r03_node_c100,1,24,3,node,100,1,10,30,10,20260806,2026-08-03T14:43:04.513155+00:00,2026-08-03T14:43:47.961032+00:00,success,15156.14,6.04,5,15,454656,0,0,0,0,data/raw/http/session_01/http_s01_r03_node_c100.json,results/logs/http_final/session_01/http_s01_r03_node_c100-server-output.log,results/logs/http_final/session_01/http_s01_r03_node_c100-server-error.log,results/logs/http_final/session_01/http_s01_r03_node_c100-autocannon-error.log,
http_s01_r03_bun_c010,1,25,3,bun,10,1,10,30,10,20260806,2026-08-03T14:43:57.979827+00:00,2026-08-03T14:44:39.518827+00:00,success,17784.67,0.12,0,3,533521,0,0,0,0,data/raw/http/session_01/http_s01_r03_bun_c010.json,results/logs/http_final/session_01/http_s01_r03_bun_c010-server-output.log,results/logs/http_final/session_01/http_s01_r03_bun_c010-server-error.log,results/logs/http_final/session_01/http_s01_r03_bun_c010-autocannon-error.log,
http_s01_r03_bun_c050,1,26,3,bun,50,1,10,30,10,20260806,2026-08-03T14:44:49.533051+00:00,2026-08-03T14:45:31.412799+00:00,success,18675.41,2.18,2,6,560232,0,0,0,0,data/raw/http/session_01/http_s01_r03_bun_c050.json,results/logs/http_final/session_01/http_s01_r03_bun_c050-server-output.log,results/logs/http_final/session_01/http_s01_r03_bun_c050-server-error.log,results/logs/http_final/session_01/http_s01_r03_bun_c050-autocannon-error.log,
http_s01_r03_bun_c100,1,27,3,bun,100,1,10,30,10,20260806,2026-08-03T14:45:41.426230+00:00,2026-08-03T14:46:23.382739+00:00,success,15794.8,5.85,5,17,473851,0,0,0,0,data/raw/http/session_01/http_s01_r03_bun_c100.json,results/logs/http_final/session_01/http_s01_r03_bun_c100-server-output.log,results/logs/http_final/session_01/http_s01_r03_bun_c100-server-error.log,results/logs/http_final/session_01/http_s01_r03_bun_c100-autocannon-error.log,
http_s01_r04_bun_c050,1,28,4,bun,50,1,10,30,10,20260807,2026-08-03T14:46:33.398280+00:00,2026-08-03T14:47:15.045643+00:00,success,18818.27,2.14,2,6,564572,0,0,0,0,data/raw/http/session_01/http_s01_r04_bun_c050.json,results/logs/http_final/session_01/http_s01_r04_bun_c050-server-output.log,results/logs/http_final/session_01/http_s01_r04_bun_c050-server-error.log,results/logs/http_final/session_01/http_s01_r04_bun_c050-autocannon-error.log,
http_s01_r04_deno_c050,1,29,4,deno,50,1,10,30,10,20260807,2026-08-03T14:47:25.060058+00:00,2026-08-03T14:48:06.710804+00:00,success,18072,2.24,2,5,542132,0,0,0,0,data/raw/http/session_01/http_s01_r04_deno_c050.json,results/logs/http_final/session_01/http_s01_r04_deno_c050-server-output.log,results/logs/http_final/session_01/http_s01_r04_deno_c050-server-error.log,results/logs/http_final/session_01/http_s01_r04_deno_c050-autocannon-error.log,
http_s01_r04_node_c050,1,30,4,node,50,1,10,30,10,20260807,2026-08-03T14:48:16.721495+00:00,2026-08-03T14:48:58.354751+00:00,success,15065.34,2.95,3,6,451936,0,0,0,0,data/raw/http/session_01/http_s01_r04_node_c050.json,results/logs/http_final/session_01/http_s01_r04_node_c050-server-output.log,results/logs/http_final/session_01/http_s01_r04_node_c050-server-error.log,results/logs/http_final/session_01/http_s01_r04_node_c050-autocannon-error.log,
http_s01_r04_deno_c100,1,31,4,deno,100,1,10,30,10,20260807,2026-08-03T14:49:08.373319+00:00,2026-08-03T14:49:50.169077+00:00,success,17878.8,5.14,5,11,536329,0,0,0,0,data/raw/http/session_01/http_s01_r04_deno_c100.json,results/logs/http_final/session_01/http_s01_r04_deno_c100-server-output.log,results/logs/http_final/session_01/http_s01_r04_deno_c100-server-error.log,results/logs/http_final/session_01/http_s01_r04_deno_c100-autocannon-error.log,
http_s01_r04_bun_c010,1,32,4,bun,10,1,10,30,10,20260807,2026-08-03T14:50:00.182264+00:00,2026-08-03T14:50:41.739902+00:00,success,17901.47,0.12,0,3,537043,0,0,0,0,data/raw/http/session_01/http_s01_r04_bun_c010.json,results/logs/http_final/session_01/http_s01_r04_bun_c010-server-output.log,results/logs/http_final/session_01/http_s01_r04_bun_c010-server-error.log,results/logs/http_final/session_01/http_s01_r04_bun_c010-autocannon-error.log,
http_s01_r04_node_c100,1,33,4,node,100,1,10,30,10,20260807,2026-08-03T14:50:51.751748+00:00,2026-08-03T14:51:33.428873+00:00,success,15336.27,5.95,5,12,460056,0,0,0,0,data/raw/http/session_01/http_s01_r04_node_c100.json,results/logs/http_final/session_01/http_s01_r04_node_c100-server-output.log,results/logs/http_final/session_01/http_s01_r04_node_c100-server-error.log,results/logs/http_final/session_01/http_s01_r04_node_c100-autocannon-error.log,
http_s01_r04_deno_c010,1,34,4,deno,10,1,10,30,10,20260807,2026-08-03T14:51:43.444607+00:00,2026-08-03T14:52:25.026176+00:00,success,21804.67,0.03,0,1,654096,0,0,0,0,data/raw/http/session_01/http_s01_r04_deno_c010.json,results/logs/http_final/session_01/http_s01_r04_deno_c010-server-output.log,results/logs/http_final/session_01/http_s01_r04_deno_c010-server-error.log,results/logs/http_final/session_01/http_s01_r04_deno_c010-autocannon-error.log,
http_s01_r04_bun_c100,1,35,4,bun,100,1,10,30,10,20260807,2026-08-03T14:52:35.039736+00:00,2026-08-03T14:53:16.789465+00:00,success,17622.27,5.18,5,10,528671,0,0,0,0,data/raw/http/session_01/http_s01_r04_bun_c100.json,results/logs/http_final/session_01/http_s01_r04_bun_c100-server-output.log,results/logs/http_final/session_01/http_s01_r04_bun_c100-server-error.log,results/logs/http_final/session_01/http_s01_r04_bun_c100-autocannon-error.log,
http_s01_r04_node_c010,1,36,4,node,10,1,10,30,10,20260807,2026-08-03T14:53:26.801912+00:00,2026-08-03T14:54:08.356298+00:00,success,16743.6,0.05,0,1,502267,0,0,0,0,data/raw/http/session_01/http_s01_r04_node_c010.json,results/logs/http_final/session_01/http_s01_r04_node_c010-server-output.log,results/logs/http_final/session_01/http_s01_r04_node_c010-server-error.log,results/logs/http_final/session_01/http_s01_r04_node_c010-autocannon-error.log,
http_s01_r05_bun_c010,1,37,5,bun,10,1,10,30,10,20260808,2026-08-03T14:54:18.372313+00:00,2026-08-03T14:54:59.945821+00:00,success,18265.2,0.12,0,3,547955,0,0,0,0,data/raw/http/session_01/http_s01_r05_bun_c010.json,results/logs/http_final/session_01/http_s01_r05_bun_c010-server-output.log,results/logs/http_final/session_01/http_s01_r05_bun_c010-server-error.log,results/logs/http_final/session_01/http_s01_r05_bun_c010-autocannon-error.log,
http_s01_r05_bun_c100,1,38,5,bun,100,1,10,30,10,20260808,2026-08-03T14:55:09.968128+00:00,2026-08-03T14:55:51.706655+00:00,success,17689.74,5.16,5,10,530695,0,0,0,0,data/raw/http/session_01/http_s01_r05_bun_c100.json,results/logs/http_final/session_01/http_s01_r05_bun_c100-server-output.log,results/logs/http_final/session_01/http_s01_r05_bun_c100-server-error.log,results/logs/http_final/session_01/http_s01_r05_bun_c100-autocannon-error.log,
http_s01_r05_deno_c050,1,39,5,deno,50,1,10,30,10,20260808,2026-08-03T14:56:01.719453+00:00,2026-08-03T14:56:43.374354+00:00,success,18381.47,2.17,2,5,551433,0,0,0,0,data/raw/http/session_01/http_s01_r05_deno_c050.json,results/logs/http_final/session_01/http_s01_r05_deno_c050-server-output.log,results/logs/http_final/session_01/http_s01_r05_deno_c050-server-error.log,results/logs/http_final/session_01/http_s01_r05_deno_c050-autocannon-error.log,
http_s01_r05_node_c050,1,40,5,node,50,1,10,30,10,20260808,2026-08-03T14:56:53.386571+00:00,2026-08-03T14:57:35.023174+00:00,success,15573.2,2.86,2,6,467195,0,0,0,0,data/raw/http/session_01/http_s01_r05_node_c050.json,results/logs/http_final/session_01/http_s01_r05_node_c050-server-output.log,results/logs/http_final/session_01/http_s01_r05_node_c050-server-error.log,results/logs/http_final/session_01/http_s01_r05_node_c050-autocannon-error.log,
http_s01_r05_bun_c050,1,41,5,bun,50,1,10,30,10,20260808,2026-08-03T14:57:45.038865+00:00,2026-08-03T14:58:26.689446+00:00,success,19052.41,2.1,2,6,571556,0,0,0,0,data/raw/http/session_01/http_s01_r05_bun_c050.json,results/logs/http_final/session_01/http_s01_r05_bun_c050-server-output.log,results/logs/http_final/session_01/http_s01_r05_bun_c050-server-error.log,results/logs/http_final/session_01/http_s01_r05_bun_c050-autocannon-error.log,
http_s01_r05_node_c100,1,42,5,node,100,1,10,30,10,20260808,2026-08-03T14:58:36.706526+00:00,2026-08-03T14:59:18.357215+00:00,success,15792.94,5.76,5,13,473771,0,0,0,0,data/raw/http/session_01/http_s01_r05_node_c100.json,results/logs/http_final/session_01/http_s01_r05_node_c100-server-output.log,results/logs/http_final/session_01/http_s01_r05_node_c100-server-error.log,results/logs/http_final/session_01/http_s01_r05_node_c100-autocannon-error.log,
http_s01_r05_deno_c010,1,43,5,deno,10,1,10,30,10,20260808,2026-08-03T14:59:28.370783+00:00,2026-08-03T15:00:09.990612+00:00,success,20957.87,0.03,0,1,628733,0,0,0,0,data/raw/http/session_01/http_s01_r05_deno_c010.json,results/logs/http_final/session_01/http_s01_r05_deno_c010-server-output.log,results/logs/http_final/session_01/http_s01_r05_deno_c010-server-error.log,results/logs/http_final/session_01/http_s01_r05_deno_c010-autocannon-error.log,
http_s01_r05_node_c010,1,44,5,node,10,1,10,30,10,20260808,2026-08-03T15:00:20.001935+00:00,2026-08-03T15:01:01.566306+00:00,success,17446,0.04,0,1,523355,0,0,0,0,data/raw/http/session_01/http_s01_r05_node_c010.json,results/logs/http_final/session_01/http_s01_r05_node_c010-server-output.log,results/logs/http_final/session_01/http_s01_r05_node_c010-server-error.log,results/logs/http_final/session_01/http_s01_r05_node_c010-autocannon-error.log,
http_s01_r05_deno_c100,1,45,5,deno,100,1,10,30,10,20260808,2026-08-03T15:01:11.580176+00:00,2026-08-03T15:01:53.282285+00:00,success,20411.07,4.5,4,9,612299,0,0,0,0,data/raw/http/session_01/http_s01_r05_deno_c100.json,results/logs/http_final/session_01/http_s01_r05_deno_c100-server-output.log,results/logs/http_final/session_01/http_s01_r05_deno_c100-server-error.log,results/logs/http_final/session_01/http_s01_r05_deno_c100-autocannon-error.log,
http_s02_r06_deno_c100,2,1,6,deno,100,1,10,30,10,20260809,2026-08-03T15:07:33.400715+00:00,2026-08-03T15:08:15.275527+00:00,success,20737.2,4.4,4,9,622113,0,0,0,0,data/raw/http/session_02/http_s02_r06_deno_c100.json,results/logs/http_final/session_02/http_s02_r06_deno_c100-server-output.log,results/logs/http_final/session_02/http_s02_r06_deno_c100-server-error.log,results/logs/http_final/session_02/http_s02_r06_deno_c100-autocannon-error.log,
http_s02_r06_bun_c100,2,2,6,bun,100,1,10,30,10,20260809,2026-08-03T15:08:25.292581+00:00,2026-08-03T15:09:06.982937+00:00,success,17937.6,5.08,5,11,538127,0,0,0,0,data/raw/http/session_02/http_s02_r06_bun_c100.json,results/logs/http_final/session_02/http_s02_r06_bun_c100-server-output.log,results/logs/http_final/session_02/http_s02_r06_bun_c100-server-error.log,results/logs/http_final/session_02/http_s02_r06_bun_c100-autocannon-error.log,
http_s02_r06_node_c100,2,3,6,node,100,1,10,30,10,20260809,2026-08-03T15:09:16.994509+00:00,2026-08-03T15:09:58.778076+00:00,success,16009.87,5.68,5,12,480286,0,0,0,0,data/raw/http/session_02/http_s02_r06_node_c100.json,results/logs/http_final/session_02/http_s02_r06_node_c100-server-output.log,results/logs/http_final/session_02/http_s02_r06_node_c100-server-error.log,results/logs/http_final/session_02/http_s02_r06_node_c100-autocannon-error.log,
http_s02_r06_bun_c050,2,4,6,bun,50,1,10,30,10,20260809,2026-08-03T15:10:08.793434+00:00,2026-08-03T15:10:50.380378+00:00,success,19724.67,2.03,2,5,591735,0,0,0,0,data/raw/http/session_02/http_s02_r06_bun_c050.json,results/logs/http_final/session_02/http_s02_r06_bun_c050-server-output.log,results/logs/http_final/session_02/http_s02_r06_bun_c050-server-error.log,results/logs/http_final/session_02/http_s02_r06_bun_c050-autocannon-error.log,
http_s02_r06_bun_c010,2,5,6,bun,10,1,10,30,10,20260809,2026-08-03T15:11:00.394725+00:00,2026-08-03T15:11:41.954036+00:00,success,18420.67,0.11,0,3,552583,0,0,0,0,data/raw/http/session_02/http_s02_r06_bun_c010.json,results/logs/http_final/session_02/http_s02_r06_bun_c010-server-output.log,results/logs/http_final/session_02/http_s02_r06_bun_c010-server-error.log,results/logs/http_final/session_02/http_s02_r06_bun_c010-autocannon-error.log,
http_s02_r06_deno_c050,2,6,6,deno,50,1,10,30,10,20260809,2026-08-03T15:11:51.967969+00:00,2026-08-03T15:12:33.587332+00:00,success,21345.47,1.83,2,5,640332,0,0,0,0,data/raw/http/session_02/http_s02_r06_deno_c050.json,results/logs/http_final/session_02/http_s02_r06_deno_c050-server-output.log,results/logs/http_final/session_02/http_s02_r06_deno_c050-server-error.log,results/logs/http_final/session_02/http_s02_r06_deno_c050-autocannon-error.log,
http_s02_r06_node_c010,2,7,6,node,10,1,10,30,10,20260809,2026-08-03T15:12:43.600865+00:00,2026-08-03T15:13:26.160488+00:00,success,17129.34,0.05,0,1,513890,0,0,0,0,data/raw/http/session_02/http_s02_r06_node_c010.json,results/logs/http_final/session_02/http_s02_r06_node_c010-server-output.log,results/logs/http_final/session_02/http_s02_r06_node_c010-server-error.log,results/logs/http_final/session_02/http_s02_r06_node_c010-autocannon-error.log,
http_s02_r06_deno_c010,2,8,6,deno,10,1,10,30,10,20260809,2026-08-03T15:13:36.176197+00:00,2026-08-03T15:14:18.793263+00:00,success,22197.87,0.03,0,1,665878,0,0,0,0,data/raw/http/session_02/http_s02_r06_deno_c010.json,results/logs/http_final/session_02/http_s02_r06_deno_c010-server-output.log,results/logs/http_final/session_02/http_s02_r06_deno_c010-server-error.log,results/logs/http_final/session_02/http_s02_r06_deno_c010-autocannon-error.log,
http_s02_r06_node_c050,2,9,6,node,50,1,10,30,10,20260809,2026-08-03T15:14:28.806428+00:00,2026-08-03T15:15:10.408075+00:00,success,15928,2.77,2,6,477834,0,0,0,0,data/raw/http/session_02/http_s02_r06_node_c050.json,results/logs/http_final/session_02/http_s02_r06_node_c050-server-output.log,results/logs/http_final/session_02/http_s02_r06_node_c050-server-error.log,results/logs/http_final/session_02/http_s02_r06_node_c050-autocannon-error.log,
http_s02_r07_bun_c050,2,10,7,bun,50,1,10,30,10,20260810,2026-08-03T15:15:20.424937+00:00,2026-08-03T15:16:02.033417+00:00,success,20018.27,1.99,2,5,600536,0,0,0,0,data/raw/http/session_02/http_s02_r07_bun_c050.json,results/logs/http_final/session_02/http_s02_r07_bun_c050-server-output.log,results/logs/http_final/session_02/http_s02_r07_bun_c050-server-error.log,results/logs/http_final/session_02/http_s02_r07_bun_c050-autocannon-error.log,
http_s02_r07_node_c050,2,11,7,node,50,1,10,30,10,20260810,2026-08-03T15:16:12.044275+00:00,2026-08-03T15:16:53.658806+00:00,success,16338.4,2.69,2,5,490190,0,0,0,0,data/raw/http/session_02/http_s02_r07_node_c050.json,results/logs/http_final/session_02/http_s02_r07_node_c050-server-output.log,results/logs/http_final/session_02/http_s02_r07_node_c050-server-error.log,results/logs/http_final/session_02/http_s02_r07_node_c050-autocannon-error.log,
http_s02_r07_deno_c010,2,12,7,deno,10,1,10,30,10,20260810,2026-08-03T15:17:03.675000+00:00,2026-08-03T15:17:45.210425+00:00,success,19300.67,0.03,0,1,578986,0,0,0,0,data/raw/http/session_02/http_s02_r07_deno_c010.json,results/logs/http_final/session_02/http_s02_r07_deno_c010-server-output.log,results/logs/http_final/session_02/http_s02_r07_deno_c010-server-error.log,results/logs/http_final/session_02/http_s02_r07_deno_c010-autocannon-error.log,
http_s02_r07_deno_c100,2,13,7,deno,100,1,10,30,10,20260810,2026-08-03T15:17:55.229332+00:00,2026-08-03T15:18:36.968950+00:00,success,17915.87,5.14,5,10,537481,0,0,0,0,data/raw/http/session_02/http_s02_r07_deno_c100.json,results/logs/http_final/session_02/http_s02_r07_deno_c100-server-output.log,results/logs/http_final/session_02/http_s02_r07_deno_c100-server-error.log,results/logs/http_final/session_02/http_s02_r07_deno_c100-autocannon-error.log,
http_s02_r07_bun_c010,2,14,7,bun,10,1,10,30,10,20260810,2026-08-03T15:18:46.985620+00:00,2026-08-03T15:19:28.573481+00:00,success,18841.47,0.11,0,3,565222,0,0,0,0,data/raw/http/session_02/http_s02_r07_bun_c010.json,results/logs/http_final/session_02/http_s02_r07_bun_c010-server-output.log,results/logs/http_final/session_02/http_s02_r07_bun_c010-server-error.log,results/logs/http_final/session_02/http_s02_r07_bun_c010-autocannon-error.log,
http_s02_r07_deno_c050,2,15,7,deno,50,1,10,30,10,20260810,2026-08-03T15:19:38.587066+00:00,2026-08-03T15:20:20.268381+00:00,success,18713.74,2.13,2,5,561389,0,0,0,0,data/raw/http/session_02/http_s02_r07_deno_c050.json,results/logs/http_final/session_02/http_s02_r07_deno_c050-server-output.log,results/logs/http_final/session_02/http_s02_r07_deno_c050-server-error.log,results/logs/http_final/session_02/http_s02_r07_deno_c050-autocannon-error.log,
http_s02_r07_node_c100,2,16,7,node,100,1,10,30,10,20260810,2026-08-03T15:20:30.282800+00:00,2026-08-03T15:21:11.942636+00:00,success,15461.07,5.91,5,14,463802,0,0,0,0,data/raw/http/session_02/http_s02_r07_node_c100.json,results/logs/http_final/session_02/http_s02_r07_node_c100-server-output.log,results/logs/http_final/session_02/http_s02_r07_node_c100-server-error.log,results/logs/http_final/session_02/http_s02_r07_node_c100-autocannon-error.log,
http_s02_r07_node_c010,2,17,7,node,10,1,10,30,10,20260810,2026-08-03T15:21:21.953940+00:00,2026-08-03T15:22:04.508158+00:00,success,16966,0.05,0,1,508980,0,0,0,0,data/raw/http/session_02/http_s02_r07_node_c010.json,results/logs/http_final/session_02/http_s02_r07_node_c010-server-output.log,results/logs/http_final/session_02/http_s02_r07_node_c010-server-error.log,results/logs/http_final/session_02/http_s02_r07_node_c010-autocannon-error.log,
http_s02_r07_bun_c100,2,18,7,bun,100,1,10,30,10,20260810,2026-08-03T15:22:14.523473+00:00,2026-08-03T15:22:56.216836+00:00,success,17694.54,5.16,5,10,530811,0,0,0,0,data/raw/http/session_02/http_s02_r07_bun_c100.json,results/logs/http_final/session_02/http_s02_r07_bun_c100-server-output.log,results/logs/http_final/session_02/http_s02_r07_bun_c100-server-error.log,results/logs/http_final/session_02/http_s02_r07_bun_c100-autocannon-error.log,
http_s02_r08_bun_c100,2,19,8,bun,100,1,10,30,10,20260811,2026-08-03T15:23:06.233798+00:00,2026-08-03T15:23:47.913823+00:00,success,17838.8,5.12,5,10,535190,0,0,0,0,data/raw/http/session_02/http_s02_r08_bun_c100.json,results/logs/http_final/session_02/http_s02_r08_bun_c100-server-output.log,results/logs/http_final/session_02/http_s02_r08_bun_c100-server-error.log,results/logs/http_final/session_02/http_s02_r08_bun_c100-autocannon-error.log,
http_s02_r08_deno_c100,2,20,8,deno,100,1,10,30,10,20260811,2026-08-03T15:23:57.931018+00:00,2026-08-03T15:24:39.688397+00:00,success,17844.67,5.17,4,13,535309,0,0,0,0,data/raw/http/session_02/http_s02_r08_deno_c100.json,results/logs/http_final/session_02/http_s02_r08_deno_c100-server-output.log,results/logs/http_final/session_02/http_s02_r08_deno_c100-server-error.log,results/logs/http_final/session_02/http_s02_r08_deno_c100-autocannon-error.log,
http_s02_r08_bun_c010,2,21,8,bun,10,1,10,30,10,20260811,2026-08-03T15:24:49.702699+00:00,2026-08-03T15:25:31.283521+00:00,success,18580.94,0.11,0,3,557433,0,0,0,0,data/raw/http/session_02/http_s02_r08_bun_c010.json,results/logs/http_final/session_02/http_s02_r08_bun_c010-server-output.log,results/logs/http_final/session_02/http_s02_r08_bun_c010-server-error.log,results/logs/http_final/session_02/http_s02_r08_bun_c010-autocannon-error.log,
http_s02_r08_bun_c050,2,22,8,bun,50,1,10,30,10,20260811,2026-08-03T15:25:41.301605+00:00,2026-08-03T15:26:22.897738+00:00,success,19672.67,2.04,2,5,590140,0,0,0,0,data/raw/http/session_02/http_s02_r08_bun_c050.json,results/logs/http_final/session_02/http_s02_r08_bun_c050-server-output.log,results/logs/http_final/session_02/http_s02_r08_bun_c050-server-error.log,results/logs/http_final/session_02/http_s02_r08_bun_c050-autocannon-error.log,
http_s02_r08_deno_c010,2,23,8,deno,10,1,10,30,10,20260811,2026-08-03T15:26:32.915560+00:00,2026-08-03T15:27:14.461995+00:00,success,22207.34,0.03,0,1,666236,0,0,0,0,data/raw/http/session_02/http_s02_r08_deno_c010.json,results/logs/http_final/session_02/http_s02_r08_deno_c010-server-output.log,results/logs/http_final/session_02/http_s02_r08_deno_c010-server-error.log,results/logs/http_final/session_02/http_s02_r08_deno_c010-autocannon-error.log,
http_s02_r08_deno_c050,2,24,8,deno,50,1,10,30,10,20260811,2026-08-03T15:27:24.476176+00:00,2026-08-03T15:28:06.098105+00:00,success,18612.14,2.15,2,5,558330,0,0,0,0,data/raw/http/session_02/http_s02_r08_deno_c050.json,results/logs/http_final/session_02/http_s02_r08_deno_c050-server-output.log,results/logs/http_final/session_02/http_s02_r08_deno_c050-server-error.log,results/logs/http_final/session_02/http_s02_r08_deno_c050-autocannon-error.log,
http_s02_r08_node_c100,2,25,8,node,100,1,10,30,10,20260811,2026-08-03T15:28:16.116451+00:00,2026-08-03T15:28:57.794338+00:00,success,15868,5.75,5,12,475998,0,0,0,0,data/raw/http/session_02/http_s02_r08_node_c100.json,results/logs/http_final/session_02/http_s02_r08_node_c100-server-output.log,results/logs/http_final/session_02/http_s02_r08_node_c100-server-error.log,results/logs/http_final/session_02/http_s02_r08_node_c100-autocannon-error.log,
http_s02_r08_node_c050,2,26,8,node,50,1,10,30,10,20260811,2026-08-03T15:29:07.808519+00:00,2026-08-03T15:29:49.416681+00:00,success,16654.14,2.62,2,5,499644,0,0,0,0,data/raw/http/session_02/http_s02_r08_node_c050.json,results/logs/http_final/session_02/http_s02_r08_node_c050-server-output.log,results/logs/http_final/session_02/http_s02_r08_node_c050-server-error.log,results/logs/http_final/session_02/http_s02_r08_node_c050-autocannon-error.log,
http_s02_r08_node_c010,2,27,8,node,10,1,10,30,10,20260811,2026-08-03T15:29:59.430228+00:00,2026-08-03T15:30:40.995784+00:00,success,16610.54,0.05,0,1,498330,0,0,0,0,data/raw/http/session_02/http_s02_r08_node_c010.json,results/logs/http_final/session_02/http_s02_r08_node_c010-server-output.log,results/logs/http_final/session_02/http_s02_r08_node_c010-server-error.log,results/logs/http_final/session_02/http_s02_r08_node_c010-autocannon-error.log,
http_s02_r09_deno_c100,2,28,9,deno,100,1,10,30,10,20260812,2026-08-03T15:30:51.018760+00:00,2026-08-03T15:31:32.735559+00:00,success,19903.34,4.62,4,10,597049,0,0,0,0,data/raw/http/session_02/http_s02_r09_deno_c100.json,results/logs/http_final/session_02/http_s02_r09_deno_c100-server-output.log,results/logs/http_final/session_02/http_s02_r09_deno_c100-server-error.log,results/logs/http_final/session_02/http_s02_r09_deno_c100-autocannon-error.log,
http_s02_r09_deno_c050,2,29,9,deno,50,1,10,30,10,20260812,2026-08-03T15:31:42.750496+00:00,2026-08-03T15:32:24.469071+00:00,success,18918.54,2.13,2,5,567570,0,0,0,0,data/raw/http/session_02/http_s02_r09_deno_c050.json,results/logs/http_final/session_02/http_s02_r09_deno_c050-server-output.log,results/logs/http_final/session_02/http_s02_r09_deno_c050-server-error.log,results/logs/http_final/session_02/http_s02_r09_deno_c050-autocannon-error.log,
http_s02_r09_deno_c010,2,30,9,deno,10,1,10,30,10,20260812,2026-08-03T15:32:34.485768+00:00,2026-08-03T15:33:17.015095+00:00,success,19304.94,0.03,0,1,579120,0,0,0,0,data/raw/http/session_02/http_s02_r09_deno_c010.json,results/logs/http_final/session_02/http_s02_r09_deno_c010-server-output.log,results/logs/http_final/session_02/http_s02_r09_deno_c010-server-error.log,results/logs/http_final/session_02/http_s02_r09_deno_c010-autocannon-error.log,
http_s02_r09_bun_c010,2,31,9,bun,10,1,10,30,10,20260812,2026-08-03T15:33:27.031730+00:00,2026-08-03T15:34:09.576306+00:00,success,18331.87,0.11,0,3,549929,0,0,0,0,data/raw/http/session_02/http_s02_r09_bun_c010.json,results/logs/http_final/session_02/http_s02_r09_bun_c010-server-output.log,results/logs/http_final/session_02/http_s02_r09_bun_c010-server-error.log,results/logs/http_final/session_02/http_s02_r09_bun_c010-autocannon-error.log,
http_s02_r09_bun_c050,2,32,9,bun,50,1,10,30,10,20260812,2026-08-03T15:34:19.593553+00:00,2026-08-03T15:35:01.229865+00:00,success,19731.87,2.03,2,5,591965,0,0,0,0,data/raw/http/session_02/http_s02_r09_bun_c050.json,results/logs/http_final/session_02/http_s02_r09_bun_c050-server-output.log,results/logs/http_final/session_02/http_s02_r09_bun_c050-server-error.log,results/logs/http_final/session_02/http_s02_r09_bun_c050-autocannon-error.log,
http_s02_r09_bun_c100,2,33,9,bun,100,1,10,30,10,20260812,2026-08-03T15:35:11.249094+00:00,2026-08-03T15:35:52.930039+00:00,success,18344.94,4.97,5,10,550347,0,0,0,0,data/raw/http/session_02/http_s02_r09_bun_c100.json,results/logs/http_final/session_02/http_s02_r09_bun_c100-server-output.log,results/logs/http_final/session_02/http_s02_r09_bun_c100-server-error.log,results/logs/http_final/session_02/http_s02_r09_bun_c100-autocannon-error.log,
http_s02_r09_node_c100,2,34,9,node,100,1,10,30,10,20260812,2026-08-03T15:36:02.944178+00:00,2026-08-03T15:36:44.656274+00:00,success,15582.54,5.87,5,12,467457,0,0,0,0,data/raw/http/session_02/http_s02_r09_node_c100.json,results/logs/http_final/session_02/http_s02_r09_node_c100-server-output.log,results/logs/http_final/session_02/http_s02_r09_node_c100-server-error.log,results/logs/http_final/session_02/http_s02_r09_node_c100-autocannon-error.log,
http_s02_r09_node_c050,2,35,9,node,50,1,10,30,10,20260812,2026-08-03T15:36:54.758098+00:00,2026-08-03T15:37:36.427715+00:00,success,16064.67,2.75,2,5,481906,0,0,0,0,data/raw/http/session_02/http_s02_r09_node_c050.json,results/logs/http_final/session_02/http_s02_r09_node_c050-server-output.log,results/logs/http_final/session_02/http_s02_r09_node_c050-server-error.log,results/logs/http_final/session_02/http_s02_r09_node_c050-autocannon-error.log,
http_s02_r09_node_c010,2,36,9,node,10,1,10,30,10,20260812,2026-08-03T15:37:46.442206+00:00,2026-08-03T15:38:29.033602+00:00,success,17368.14,0.04,0,1,521032,0,0,0,0,data/raw/http/session_02/http_s02_r09_node_c010.json,results/logs/http_final/session_02/http_s02_r09_node_c010-server-output.log,results/logs/http_final/session_02/http_s02_r09_node_c010-server-error.log,results/logs/http_final/session_02/http_s02_r09_node_c010-autocannon-error.log,
http_s02_r10_node_c050,2,37,10,node,50,1,10,30,10,20260813,2026-08-03T15:38:39.047232+00:00,2026-08-03T15:39:21.693597+00:00,success,16972.27,2.53,2,5,509134,0,0,0,0,data/raw/http/session_02/http_s02_r10_node_c050.json,results/logs/http_final/session_02/http_s02_r10_node_c050-server-output.log,results/logs/http_final/session_02/http_s02_r10_node_c050-server-error.log,results/logs/http_final/session_02/http_s02_r10_node_c050-autocannon-error.log,
http_s02_r10_deno_c100,2,38,10,deno,100,1,10,30,10,20260813,2026-08-03T15:39:31.710803+00:00,2026-08-03T15:40:13.498097+00:00,success,18671.87,4.89,4,10,560111,0,0,0,0,data/raw/http/session_02/http_s02_r10_deno_c100.json,results/logs/http_final/session_02/http_s02_r10_deno_c100-server-output.log,results/logs/http_final/session_02/http_s02_r10_deno_c100-server-error.log,results/logs/http_final/session_02/http_s02_r10_deno_c100-autocannon-error.log,
http_s02_r10_deno_c010,2,39,10,deno,10,1,10,30,10,20260813,2026-08-03T15:40:23.517002+00:00,2026-08-03T15:41:06.019331+00:00,success,17969.67,0.05,0,1,539045,0,0,0,0,data/raw/http/session_02/http_s02_r10_deno_c010.json,results/logs/http_final/session_02/http_s02_r10_deno_c010-server-output.log,results/logs/http_final/session_02/http_s02_r10_deno_c010-server-error.log,results/logs/http_final/session_02/http_s02_r10_deno_c010-autocannon-error.log,
http_s02_r10_node_c010,2,40,10,node,10,1,10,30,10,20260813,2026-08-03T15:41:16.036327+00:00,2026-08-03T15:41:58.597037+00:00,success,16882,0.05,0,1,506437,0,0,0,0,data/raw/http/session_02/http_s02_r10_node_c010.json,results/logs/http_final/session_02/http_s02_r10_node_c010-server-output.log,results/logs/http_final/session_02/http_s02_r10_node_c010-server-error.log,results/logs/http_final/session_02/http_s02_r10_node_c010-autocannon-error.log,
http_s02_r10_bun_c010,2,41,10,bun,10,1,10,30,10,20260813,2026-08-03T15:42:08.615457+00:00,2026-08-03T15:42:50.211762+00:00,success,18013.34,0.12,0,3,540363,0,0,0,0,data/raw/http/session_02/http_s02_r10_bun_c010.json,results/logs/http_final/session_02/http_s02_r10_bun_c010-server-output.log,results/logs/http_final/session_02/http_s02_r10_bun_c010-server-error.log,results/logs/http_final/session_02/http_s02_r10_bun_c010-autocannon-error.log,
http_s02_r10_bun_c100,2,42,10,bun,100,1,10,30,10,20260813,2026-08-03T15:43:00.227722+00:00,2026-08-03T15:43:41.921401+00:00,success,18437.2,4.94,5,10,553118,0,0,0,0,data/raw/http/session_02/http_s02_r10_bun_c100.json,results/logs/http_final/session_02/http_s02_r10_bun_c100-server-output.log,results/logs/http_final/session_02/http_s02_r10_bun_c100-server-error.log,results/logs/http_final/session_02/http_s02_r10_bun_c100-autocannon-error.log,
http_s02_r10_deno_c050,2,43,10,deno,50,1,10,30,10,20260813,2026-08-03T15:43:51.936778+00:00,2026-08-03T15:44:33.578029+00:00,success,18963.87,2.09,2,5,568894,0,0,0,0,data/raw/http/session_02/http_s02_r10_deno_c050.json,results/logs/http_final/session_02/http_s02_r10_deno_c050-server-output.log,results/logs/http_final/session_02/http_s02_r10_deno_c050-server-error.log,results/logs/http_final/session_02/http_s02_r10_deno_c050-autocannon-error.log,
http_s02_r10_bun_c050,2,44,10,bun,50,1,10,30,10,20260813,2026-08-03T15:44:43.597399+00:00,2026-08-03T15:45:25.234787+00:00,success,19647.87,2.04,2,5,589411,0,0,0,0,data/raw/http/session_02/http_s02_r10_bun_c050.json,results/logs/http_final/session_02/http_s02_r10_bun_c050-server-output.log,results/logs/http_final/session_02/http_s02_r10_bun_c050-server-error.log,results/logs/http_final/session_02/http_s02_r10_bun_c050-autocannon-error.log,
http_s02_r10_node_c100,2,45,10,node,100,1,10,30,10,20260813,2026-08-03T15:45:35.251535+00:00,2026-08-03T15:46:17.173000+00:00,success,11643.34,8.13,8,21,349308,0,0,0,0,data/raw/http/session_02/http_s02_r10_node_c100.json,results/logs/http_final/session_02/http_s02_r10_node_c100-server-output.log,results/logs/http_final/session_02/http_s02_r10_node_c100-server-error.log,results/logs/http_final/session_02/http_s02_r10_node_c100-autocannon-error.log,
